ticker,index_ticker,comment
601360.SS,000001.SS,360 Security Technology Inc.
603580.SS,000001.SS,"AA Industrial Belting (Shanghai) Co., Ltd."
603089.SS,000001.SS,"ADD Industry(Zhejiang) CO., LTD"
600391.SS,000001.SS,"Aecc Aero Science and Technology Co.,Ltd."
600469.SS,000001.SS,Aeolus Tyre Co Ltd
600677.SS,000001.SS,Aerospace Communications Holdings Co Ltd
600501.SS,000001.SS,Aerosun Corp
601288.SS,000001.SS,Agricultural Bank of China Co Ltd
601111.SS,000001.SS,Air China Ltd
600271.SS,000001.SS,"Aisino Co.,Ltd"
601600.SS,000001.SS,Aluminum Corporation of China Limited
600298.SS,000001.SS,Angel Yeast Co Ltd
603031.SS,000001.SS,"Anhui Andeli Department Store Co., Ltd."
600585.SS,000001.SS,Anhui Conch Cement Co Ltd
600502.SS,000001.SS,Anhui Construction Engineering Group Corporation Limited
600012.SS,000001.SS,Anhui Expressway Co Ltd
603429.SS,000001.SS,"Anhui Genuine New Material Co., Ltd"
600199.SS,000001.SS,Anhui Golden Seed Winery Co Ltd
603815.SS,000001.SS,"Anhui Gourgen Traffic Construction Co.,Ltd."
601606.SS,000001.SS,"Anhui GreatWall Military Industry Co.,Ltd."
603599.SS,000001.SS,"Anhui Guangxin Agrochemical Co.,Ltd."
600761.SS,000001.SS,Anhui Heli Co Ltd
600971.SS,000001.SS,Anhui Hengyuan Coal Industry and Electricity Power Co Ltd
600418.SS,000001.SS,Anhui Jianghuai Automobile Co Ltd
603199.SS,000001.SS,"Anhui Jiuhuashan Tourism Development Co., Ltd."
603589.SS,000001.SS,"Anhui Kouzi Distillery Co., Ltd."
600470.SS,000001.SS,Anhui Liuguo Chemical Co Ltd
603689.SS,000001.SS,"Anhui Province Natural Gas Development Co.,Ltd."
600218.SS,000001.SS,Anhui Quanchai Engine Co Ltd
600567.SS,000001.SS,Anhui Shan Ying Paper Industry Co Ltd
600990.SS,000001.SS,Anhui Sun-Create Electronics Co Ltd
600237.SS,000001.SS,Anhui Tongfeng Electronics Co Ltd
603357.SS,000001.SS,"Anhui Transport Consulting & Design Institute Co.,Ltd."
600063.SS,000001.SS,Anhui Wanwei Updated High-Tech Material Industry Co Ltd
601801.SS,000001.SS,Anhui Xinhua Media Co Ltd
600318.SS,000001.SS,"Anhui Xinli Finance Co.,Ltd."
603198.SS,000001.SS,"ANHUI YINGJIA DISTILLERY CO., LTD."
603308.SS,000001.SS,"ANHUI YINGLIU ELECTROMECHANICAL CO., LTD"
603527.SS,000001.SS,"Anhui Zhongyuan New Materials Co.,Ltd."
603696.SS,000001.SS,"Anji Foodstuff Co., Ltd."
600179.SS,000001.SS,"Antong Holdings Co., Ltd."
600816.SS,000001.SS,"Anxin Trust Co., Ltd"
600569.SS,000001.SS,Anyang Iron & Steel Inc
600397.SS,000001.SS,"ANYUAN COAL INDUSTRY GROUP CO., LTD."
603839.SS,000001.SS,"Anzheng Fashion Group Co.,Ltd."
603020.SS,000001.SS,"Apple Flavor & Fragrance Group Co., Ltd."
603790.SS,000001.SS,"ARGUS (SHANGHAI) TEXTILE CHEMICALS CO.,LTD."
603017.SS,000001.SS,"ARTS Group Co., Ltd"
603378.SS,000001.SS,"ASIA CUANON TECHNOLOGY (SHANGHAI) CO., LTD."
601890.SS,000001.SS,"Asian Staranchor Chain Co.,Ltd.Jiangsu"
600558.SS,000001.SS,"Atlantic China Welding Consumables,Inc"
600336.SS,000001.SS,Aucma Co Ltd
600666.SS,000001.SS,"Aurora Optoelectronics Co., Ltd."
603658.SS,000001.SS,"Autobio Diagnostics Co., Ltd."
600893.SS,000001.SS,AVIC AVIATION ENGINE CORPORATION PLC.
600862.SS,000001.SS,"Avic Aviation High-Technology Co., Ltd."
600705.SS,000001.SS,"AVIC CAPITAL CO.,LTD."
600765.SS,000001.SS,Avic Heavy Machinery Co Ltd
600038.SS,000001.SS,"AVIC Helicopter Co.,Ltd."
600760.SS,000001.SS,AVIC SHENYANG AIRCRAFT COMPANY LIMITED
603389.SS,000001.SS,"A-Zenith Furniture Co., Ltd."
603489.SS,000001.SS,"Bafang Electric (Suzhou) Co.,Ltd."
600733.SS,000001.SS,"BAIC BluePark New Energy Technology Co.,Ltd"
600865.SS,000001.SS,"Baida Group Co.,Ltd."
601212.SS,000001.SS,"Baiyin Nonferrous Group Co., Ltd."
603398.SS,000001.SS,"BanBao Co., Ltd."
601169.SS,000001.SS,Bank of Beijing Co Ltd
601577.SS,000001.SS,"BANK OF CHANGSHA CO., LTD."
601838.SS,000001.SS,"BANK OF CHENGDU CO., LTD."
601988.SS,000001.SS,Bank of China Ltd
601328.SS,000001.SS,Bank of Communications Co LTD
601997.SS,000001.SS,"Bank of Guiyang Co.,Ltd."
600926.SS,000001.SS,"BANK OF HANGZHOU CO., LTD"
600919.SS,000001.SS,"Bank of Jiangsu Co., Ltd"
601009.SS,000001.SS,Bank of Nanjing Co Ltd
601229.SS,000001.SS,"Bank of Shanghai Co., Ltd."
600928.SS,000001.SS,"BANK OF XI'AN CO., LTD."
600550.SS,000001.SS,Baoding Tianwei Baobian Electric Co Ltd
600456.SS,000001.SS,Baoji Titanium Industry Co Ltd
600019.SS,000001.SS,Baoshan Iron &Steel Co Ltd
600973.SS,000001.SS,Baosheng Science and Technology Innovation Co Ltd
601011.SS,000001.SS,"Baotailong New Materials Co.,Ltd"
600191.SS,000001.SS,Baotou Huazi Industry Co Ltd
600091.SS,000001.SS,Baotou Tomorrow Technology Co Ltd
601992.SS,000001.SS,BBMG Corporation
601678.SS,000001.SS,Befar Group Co Ltd
600538.SS,000001.SS,Beihai Gofar Marine Biological Industry Co Ltd
600791.SS,000001.SS,"Beih-Property Co.,Ltd"
600855.SS,000001.SS,Beijing Aerospace Changfeng Co Ltd
600463.SS,000001.SS,Beijing Airport High-Tech Park Co Ltd
600560.SS,000001.SS,Beijing Aritime Intelligent Control Co Ltd
600386.SS,000001.SS,"Beijing Bashi Media Co.,Ltd."
600008.SS,000001.SS,Beijing Capital Co Ltd
600376.SS,000001.SS,"Beijing Capital Development Co.,Ltd."
600723.SS,000001.SS,"Beijing Capital Retailing Group Co., Ltd."
603569.SS,000001.SS,Beijing Changjiu Logistics Corp.
603123.SS,000001.SS,"Beijing Cuiwei Tower Co., Ltd."
603025.SS,000001.SS,Beijing Dahao Technology Corporation Limited
600159.SS,000001.SS,Beijing Dalong Weiye Real Estate Development Co Ltd
600405.SS,000001.SS,Beijing Dynamic Power Co Ltd
600658.SS,000001.SS,Beijing Electronic Zone Investment and Development Co Ltd
600037.SS,000001.SS,Beijing Gehua CATV Network Co Ltd
603588.SS,000001.SS,"Beijing GeoEnviron Engineering & Technology, Inc.."
603616.SS,000001.SS,"BEIJING HANJIAN HESHAN PIPELINE CO.,LTD."
601101.SS,000001.SS,Beijing Haohua Energy Resource Co Ltd
600860.SS,000001.SS,Beijing Jingcheng Machinery Electric Company Limited
600578.SS,000001.SS,"BEIJING JINGNENG POWER CO., LTD."
601908.SS,000001.SS,Beijing Jingyuntong Technology Co Ltd
603590.SS,000001.SS,"Beijing Konruns Pharmaceutical Co.,Ltd."
601588.SS,000001.SS,Beijing North Star Co Ltd
603778.SS,000001.SS,"Beijing Qianjing Landscape Co., Ltd."
600429.SS,000001.SS,Beijing Sanyuan Foods Co Ltd
601126.SS,000001.SS,Beijing Sifang Automation Co Ltd
600410.SS,000001.SS,Beijing Teamsun Technology Co Ltd
600161.SS,000001.SS,Beijing Tiantan Biological Products Co Ltd
600085.SS,000001.SS,Beijing Tongrentang Co Ltd
603516.SS,000001.SS,"Beijing Tricolor Technology Co., Ltd."
603613.SS,000001.SS,"Beijing United Information Technology Co., Ltd."
600266.SS,000001.SS,Beijing Urban Construction Investment & Development Co Ltd
600861.SS,000001.SS,"BEIJING URBAN-RURAL COMMERCIAL (GROUP) CO., LTD."
600246.SS,000001.SS,"Beijing Vantone Real Estate Co.,Ltd"
603138.SS,000001.SS,"Beijing Vastdata Technology Co., Ltd."
600055.SS,000001.SS,"Beijing Wandong Medical Technology Co., Ltd."
600485.SS,000001.SS,"Beijing Xinwei Telecom Technology Group Co., Ltd."
603267.SS,000001.SS,"Beijing Yuanliu Hongyuan Electronic Technology Co., Ltd."
600361.SS,000001.SS,Beijinghualian Hypermarket Co Ltd
600166.SS,000001.SS,Beiqi Foton Motor Co Ltd
603068.SS,000001.SS,Beken Corporation
600681.SS,000001.SS,"Bestsun Energy Co., Ltd."
600640.SS,000001.SS,"Besttone Holding Co.,Ltd"
603596.SS,000001.SS,"Bethel Automotive Safety Systems Co., Ltd"
600980.SS,000001.SS,"BGRIMM Technology Co., Ltd."
600510.SS,000001.SS,Black Peony (Group) Co Ltd
600299.SS,000001.SS,Bluestar Adisseo Company
600960.SS,000001.SS,"Bohai Automotive Systems CO., LTD."
603167.SS,000001.SS,"Bohai Ferry Co., Ltd."
603727.SS,000001.SS,BOMESC Offshore Engineering Company Limited
603936.SS,000001.SS,"Bomin Electronics Co., Ltd."
600597.SS,000001.SS,Bright Dairy & Food Co Ltd
600289.SS,000001.SS,Bright Oceans Inter-Telecom Corp
600708.SS,000001.SS,"BRIGHT REAL ESTATE GROUP CO.,LIMITED"
601339.SS,000001.SS,"Bros Eastern Co., Ltd."
600258.SS,000001.SS,"BTG Hotels (Group) Co., Ltd."
600455.SS,000001.SS,"But'one Information Corporation, Xi'an"
601108.SS,000001.SS,"CAITONG SECURITIES CO.,LTD."
601311.SS,000001.SS,Camel Group Co Ltd
600230.SS,000001.SS,"Cangzhou Dahua Co.,Ltd"
603106.SS,000001.SS,"Cashway Technology Co., Ltd."
600180.SS,000001.SS,"CCS Supply Chain Management Co., Ltd."
601016.SS,000001.SS,CECEP Wind-Power Corporation
603098.SS,000001.SS,"CENTER INTERNATIONAL GROUP CO.,LTD."
601375.SS,000001.SS,"CENTRAL CHINA SECURITIES CO., LTD."
600877.SS,000001.SS,"Cetc Energy Joint-Stock Co.,Ltd."
603615.SS,000001.SS,"Chahua Modern Housewares Co.,Ltd."
600697.SS,000001.SS,Chang Chun Eurasia Group Co Ltd
603099.SS,000001.SS,"Changbai Mountain Tourism Co.,Ltd"
600742.SS,000001.SS,"Changchun FAWAY Automobile Components Co., Ltd"
600333.SS,000001.SS,Changchun Gas Co Ltd
600215.SS,000001.SS,Changchun Jingkai (Group) Co Ltd
600856.SS,000001.SS,Changchun Sinoenergy Corporation
600148.SS,000001.SS,Changchun Yidong Clutch Co Ltd
600496.SS,000001.SS,"Changjiang & Jinggong Steel Building (Group) Co.,Ltd"
600757.SS,000001.SS,"Changjiang Publishing & Media Co.,Ltd"
603035.SS,000001.SS,"Changshu Automotive Trim Co., Ltd."
601700.SS,000001.SS,Changshu Fengfan Power Equipment Co Ltd
600525.SS,000001.SS,Changyuan Group Ltd.
603698.SS,000001.SS,"Changzheng Engineering Co., LTD"
603655.SS,000001.SS,"Changzhou Langbo Seal Polytron Technologies Co., Ltd."
603819.SS,000001.SS,Changzhou Shenli Electrical Machine Incorporated Company
603158.SS,000001.SS,"Changzhou Tenglong Auto Parts Co.,Ltd."
601799.SS,000001.SS,Changzhou Xingyu Automotive Lighting Systems Co Ltd
600880.SS,000001.SS,Chengdu B-ray Media Co Ltd
603053.SS,000001.SS,"Chengdu Gas Group Co.,Ltd."
603809.SS,000001.SS,"CHENGDU HAONENG TECHNOLOGY CO., LTD."
600353.SS,000001.SS,Chengdu Xuguang Electronics Co Ltd
600711.SS,000001.SS,"Chengtun Mining Group Co., Ltd"
600988.SS,000001.SS,"Chifeng Jilong Gold Mining Co.,Ltd."
603222.SS,000001.SS,"Chimin Health Management Co., Ltd."
600879.SS,000001.SS,"China Aerospace Times Electronics Co.,Ltd."
601068.SS,000001.SS,China Aluminum International Engineering Corporation Limited
600195.SS,000001.SS,China Animal Husbandry Industry Co Ltd
601965.SS,000001.SS,"China Automotive Engineering Research Institute Co., Ltd."
600372.SS,000001.SS,"CHINA AVIONICS SYSTEMS CO.,LTD."
603220.SS,000001.SS,"China Bester Group Telecom CO.,LTD."
603060.SS,000001.SS,"China Building Material Test & Certification Group Co.,Ltd."
601998.SS,000001.SS,China Citic Bank Corporation Limited
601898.SS,000001.SS,China Coal Energy Co Ltd
601800.SS,000001.SS,China Communications Construction Company Limited
601939.SS,000001.SS,China Construction Bank
600150.SS,000001.SS,China CSSC Holdings Limited
600138.SS,000001.SS,China CYTS Tours Holding Co Ltd
603018.SS,000001.SS,"China DesignGroupCo.,Ltd"
600115.SS,000001.SS,China Eastern Airlines Corp Ltd
600675.SS,000001.SS,China Enterprise Co Ltd
601818.SS,000001.SS,China Everbright Bank Co Ltd
600977.SS,000001.SS,"CHINA FILM CO., LTD."
601106.SS,000001.SS,China First Heavy Industries Co Ltd
600340.SS,000001.SS,"China Fortune Land Development Co., Ltd."
601881.SS,000001.SS,"China Galaxy Securities Co., Ltd."
600068.SS,000001.SS,China Gezhouba Group Co Ltd
600297.SS,000001.SS,"China Grand Automotive Services Co., Ltd."
601118.SS,000001.SS,China Hainan Rubber Industry Group Co Ltd
600730.SS,000001.SS,China Hi-Tech Group Co Ltd
601888.SS,000001.SS,China International Travel Service Co Ltd
600176.SS,000001.SS,"CHINA JUSHI CO., LTD."
603505.SS,000001.SS,"China Kings Resources Group Co., Ltd."
601628.SS,000001.SS,China Life Insurance Company Limited
603967.SS,000001.SS,"CHINA MASTER LOGISTICS CO., LTD."
600056.SS,000001.SS,"China Meheco Co.,Ltd."
600036.SS,000001.SS,China Merchants Bank Co Ltd
601872.SS,000001.SS,"China Merchants Energy Shipping Co., Ltd."
600999.SS,000001.SS,China Merchants Securities Co Ltd
600016.SS,000001.SS,China Minsheng Banking Corp Ltd
603993.SS,000001.SS,"China Molybdenum Co., Ltd."
601117.SS,000001.SS,China National Chemical Engineering Co Ltd
600511.SS,000001.SS,China National Medicines Corp Ltd
601985.SS,000001.SS,"China National Nuclear Power Co.,Ltd."
600536.SS,000001.SS,China National Software & Service Co Ltd
600111.SS,000001.SS,"China Northern Rare Earth (Group) High-Tech Co.,Ltd"
601611.SS,000001.SS,China Nuclear Engineering Corporation Limited
601808.SS,000001.SS,China Oilfield Services Limited
601601.SS,000001.SS,China Pacific Insurance (Group) Co Ltd
600028.SS,000001.SS,China Petroleum & Chemical Corporation
600339.SS,000001.SS,China Petroleum Engineering Corporation
601949.SS,000001.SS,"China Publishing & Media Holdings Co., Ltd."
601186.SS,000001.SS,China Railway Construction Co Ltd
601390.SS,000001.SS,China Railway Group Limited
600528.SS,000001.SS,China Railway Hi-tech Industry Corporation Limited
600125.SS,000001.SS,China Railway Tielong Container Logistics Co Ltd
600636.SS,000001.SS,"CHINA REFORM CULTURE HOLDINGS CO., LTD."
600062.SS,000001.SS,"CHINA RESOURCES DOUBLE-CRANE PHARMACEUTICAL CO.,LTD."
601698.SS,000001.SS,"China Satellite Communications Co.,Ltd."
601858.SS,000001.SS,China Science Publishing & Media Ltd.
601066.SS,000001.SS,"China Securities Co., Ltd."
600654.SS,000001.SS,"China Security Co., Ltd"
601088.SS,000001.SS,China Shenhua Energy Co Ltd
601989.SS,000001.SS,China Shipbuilding Industry Co Ltd
600764.SS,000001.SS,China Shipbuilding Industry Group and Marine Defense Information Against Limited
600482.SS,000001.SS,"China Shipbuilding Industry Group Power Co.,Ltd"
601098.SS,000001.SS,China South Publishing & Media Group Co Ltd
600029.SS,000001.SS,China Southern Airlines Co Ltd
600118.SS,000001.SS,China Spacesat Co Ltd
600158.SS,000001.SS,"China Sports Industry Group Co.,Ltd."
601668.SS,000001.SS,China State Construction Engineering Co Ltd
600088.SS,000001.SS,China Television Media Ltd
600050.SS,000001.SS,China United Network Communications Co Ltd
600358.SS,000001.SS,China United Travel Co Ltd
603005.SS,000001.SS,"China Wafer Level CSP Co., Ltd."
600007.SS,000001.SS,China World Trade Center Co Ltd
601179.SS,000001.SS,China XD Electric Co Ltd
600900.SS,000001.SS,China Yangtze Power Co Ltd
601916.SS,000001.SS,"CHINA ZHESHANG BANK CO.,LTD"
601512.SS,000001.SS,"China-Singapore Suzhou Industrial Park Development Group Co., Ltd."
600373.SS,000001.SS,Chinese Universe Publishing And Media Co Ltd
600132.SS,000001.SS,Chongqing Brewery Co Ltd
603100.SS,000001.SS,"CHONGQING CHUANYIAUTOMATION CO.,LTD."
600939.SS,000001.SS,"Chongqing Construction Engineering Group Co., Ltd."
600729.SS,000001.SS,Chongqing Department Store Co Ltd
600565.SS,000001.SS,Chongqing Dima Industry Co Ltd
600452.SS,000001.SS,Chongqing Fuling Electric Power Industrial Co Ltd
600279.SS,000001.SS,Chongqing Gangjiu Co Ltd
600917.SS,000001.SS,Chongqing Gas Group Corporation Ltd.
601005.SS,000001.SS,Chongqing Iron & Steel Co Ltd
603758.SS,000001.SS,Chongqing Qin'an M&E PLC.
600106.SS,000001.SS,Chongqing Road & Bridge Co Ltd
601077.SS,000001.SS,"Chongqing Rural Commercial Bank Co., Ltd."
601127.SS,000001.SS,"Chongqing Sokon Industry Group Co.,Ltd"
600129.SS,000001.SS,Chongqing Taiji Industry (Group) Co Ltd
600116.SS,000001.SS,Chongqing Three Gorges Water Conservancy and Electric Power Co Ltd
600847.SS,000001.SS,"Chongqing Wanli New Energy Co., Ltd."
601158.SS,000001.SS,Chongqing Water Group Co Ltd
603601.SS,000001.SS,"Chongqing Zaisheng Technology Co.,Ltd."
603976.SS,000001.SS,"ChongQing Zhengchuan Pharmaceutical Packaging Co., Ltd."
603996.SS,000001.SS,"CHUNGHSIN TECHNOLOGY GROUP CO., LTD."
603083.SS,000001.SS,"CIG ShangHai CO., LTD."
600657.SS,000001.SS,"Cinda Real Estate Co.,Ltd."
603367.SS,000001.SS,"CISEN PHARMACEUTICAL CO., LTD."
600084.SS,000001.SS,"CITIC Guoan Wine Co.,Ltd"
601608.SS,000001.SS,"CITIC HEAVY INDUSTRIES CO., LTD."
600030.SS,000001.SS,CITIC Securities Co Ltd
600067.SS,000001.SS,Citychamp Dartong Co Ltd
603628.SS,000001.SS,"CLENERGY (XIAMEN) TECHNOLOGY CO.,LTD"
600787.SS,000001.SS,"CMST Development Co.,Ltd."
600968.SS,000001.SS,CNOOC Energy Technology & Services Limited
600737.SS,000001.SS,"COFCO TUNHE SUGAR CO.,LTD."
603908.SS,000001.SS,"COMEFLY OUTDOOR CO.,LTD"
601866.SS,000001.SS,"COSCO SHIPPING Development Co.,Ltd."
600026.SS,000001.SS,"COSCO SHIPPING Energy Transportation Co., Ltd."
601919.SS,000001.SS,"COSCO SHIPPING Holdings Co., Ltd."
600428.SS,000001.SS,"COSCO SHIPPING Specialized Carriers Co., Ltd."
600890.SS,000001.SS,Cred Holding Co Ltd
601766.SS,000001.SS,CRRC Corporation Limited
603903.SS,000001.SS,"CSD Water Service Co., Ltd."
600685.SS,000001.SS,CSSC OFFSHORE & MARINE ENGINEERING (GROUP) COMPANY LIMITED
600072.SS,000001.SS,"CSSC Science & Technology Co., Ltd"
603128.SS,000001.SS,CTS International Logistics Corporation Limited
600715.SS,000001.SS,"Cultural Investment Holdings Co., Ltd."
600288.SS,000001.SS,Daheng New Epoch Technology Inc
600257.SS,000001.SS,"Dahu Aquaculture Co.,Ltd."
900951.SS,000001.SS,Dahua Group Dalian Chemical Industry Co Ltd
603963.SS,000001.SS,"Dali Pharmaceutical Co., Ltd"
603318.SS,000001.SS,"Dalian Energas Gas-System Co., Ltd."
601880.SS,000001.SS,Dalian Port(PDA) Co Ltd
600593.SS,000001.SS,"Dalian Sunasia Tourism Holding Co.,Ltd"
600719.SS,000001.SS,"Dalian Thermal Power Co.,Ltd."
603360.SS,000001.SS,"DalianBio-ChemCo.,Ltd."
600844.SS,000001.SS,"Danhua Chemical Technology Co.,Ltd."
900921.SS,000001.SS,"Danhua Chemical Technology Co.,Ltd."
603955.SS,000001.SS,"DAQIAN ECOLOGY & LANDSCAPE CO., LTD."
601006.SS,000001.SS,Daqin Railway Co Ltd
600694.SS,000001.SS,Dashang Co Ltd
600892.SS,000001.SS,"Dasheng Times Cultural Investment Co.,Ltd."
603233.SS,000001.SS,"DaShenLin Pharmaceutical Group Co., Ltd."
600744.SS,000001.SS,"Datang Huayin Electric Power Co.,Ltd"
601991.SS,000001.SS,"Datang International Power Generation Co.,Ltd."
600198.SS,000001.SS,Datang Telecom Technology Co Ltd
601001.SS,000001.SS,"Datong Coal Industry Co., Ltd."
603019.SS,000001.SS,"Dawning Information Industry Co., Ltd."
600611.SS,000001.SS,Dazhong Transportation (Group) Co Ltd
900903.SS,000001.SS,Dazhong Transportation (Group) Co Ltd
603587.SS,000001.SS,"DAZZLE FASHION CO., LTD."
603032.SS,000001.SS,"DELIXI XINJIANG Transportation Co.,Ltd."
600503.SS,000001.SS,Deluxe Family Co Ltd
603056.SS,000001.SS,"DEPPON LOGISTICS Co., LTD."
600875.SS,000001.SS,Dongfang Electric Corporation Limited
600006.SS,000001.SS,Dongfeng Automobile Co Ltd
600081.SS,000001.SS,Dongfeng Electronic Technology Co Ltd
601198.SS,000001.SS,"DONGXING SECURITIES CO., LTD."
603359.SS,000001.SS,"Dongzhu Ecological Environment Protection Co.,Ltd."
600804.SS,000001.SS,"DR. PENG TELECOM&MEDIA GROUP CO., LTD."
603999.SS,000001.SS,"Duzhe Publishing&Media Co.,Ltd."
601330.SS,000001.SS,"Dynagreen Environmental Protection Group Co., Ltd."
600629.SS,000001.SS,"East China Construction Group Co., Ltd."
600776.SS,000001.SS,Eastern Communications Co Ltd
900941.SS,000001.SS,Eastern Communications Co Ltd
600086.SS,000001.SS,"Eastern Gold Jade Co., Ltd."
603377.SS,000001.SS,"Eastern Pioneer Driving School Co., Ltd."
600093.SS,000001.SS,"Easysight Supply Chain Management Co.,Ltd."
603486.SS,000001.SS,"Ecovacs Robotics Co., Ltd."
600537.SS,000001.SS,"Eging Photovoltaic Technology Co., Ltd."
600277.SS,000001.SS,ELION CLEAN ENERGY COMPANY LIMITED
603496.SS,000001.SS,EmbedWay Technologies (Shanghai) Corporation
603869.SS,000001.SS,"ENC Data Technology Co., Ltd"
600803.SS,000001.SS,"ENN Ecological Holdings Co., Ltd."
603002.SS,000001.SS,EPOXY BASE ELECTRONIC MATERIAL CORPORATION LIMITED
603966.SS,000001.SS,"EUROCRANE(CHINA) Co., Ltd."
600622.SS,000001.SS,"Everbright Jiabao Co., Ltd."
601788.SS,000001.SS,Everbright Securities Co Ltd
600516.SS,000001.SS,"Fangda Carbon New Material Co.,Ltd"
600507.SS,000001.SS,"Fangda Special Steel Technology Co.,Ltd"
600869.SS,000001.SS,"Far East Smarter Energy Co., Ltd."
600651.SS,000001.SS,Feilo Acoustics Co Ltd Shanghai
600498.SS,000001.SS,Fiberhome Telecommunication Technologies Co Ltd
601038.SS,000001.SS,FIRST TRACTOR COMPANY LIMITED
601865.SS,000001.SS,"Flat Glass Group CO.,LTD."
603488.SS,000001.SS,"Flying Technology Co.,Ltd."
600965.SS,000001.SS,Fortune Ng Fung Food (Hebei) Co Ltd
603288.SS,000001.SS,Foshan Haitian Flavouring and Food Company Ltd.
601901.SS,000001.SS,Founder Securities Co Ltd
600601.SS,000001.SS,Founder Technology Group Corp.
601138.SS,000001.SS,"Foxconn Industrial Internet Co., Ltd."
603345.SS,000001.SS,"FU JIAN ANJOY FOODS CO., LTD."
603045.SS,000001.SS,"Fuda Alloy Materials Co.,Ltd."
603363.SS,000001.SS,Fujian Aonong Biological Technology Group Incorporation Limited
603383.SS,000001.SS,"Fujian Apex Software Co.,LTD"
600802.SS,000001.SS,Fujian Cement Co Ltd
600693.SS,000001.SS,Fujian Dongbai Group Co Ltd
600033.SS,000001.SS,Fujian Expressway Development Co Ltd
600483.SS,000001.SS,"FUJIAN FUNENG CO., LTD"
600203.SS,000001.SS,Fujian Furi Electronics Co Ltd
600493.SS,000001.SS,"Fujian Fynex Textile Science & Technology Co.,Ltd"
603817.SS,000001.SS,"Fujian Haixia Environmental Protection Group Co.,Ltd."
603826.SS,000001.SS,"Fujian Kuncai Material Technology Co.,Ltd."
600388.SS,000001.SS,Fujian Longking Co Ltd
603686.SS,000001.SS,"Fujian Longma Environmental Sanitation Equipment Co., Ltd."
600592.SS,000001.SS,Fujian Longxi Bearing (Group) Co Ltd
600103.SS,000001.SS,Fujian Qingshan Paper Industry Co Ltd
603933.SS,000001.SS,"FUJIAN RAYNEN TECHNOLOGY CO.,LTD."
600734.SS,000001.SS,"Fujian Start Group Co.,Ltd"
603668.SS,000001.SS,"FUJIAN TIANMA SCIENCE AND TECHNOLOGY GROUP CO., LTD."
603678.SS,000001.SS,"FUJIAN TORCH ELECTRON TECHNOLOGY CO.,LTD."
600573.SS,000001.SS,Fujian Yanjing Huiquan Brewery Co Ltd
600781.SS,000001.SS,"FUREN Group Pharmaceutical Co., Ltd."
600399.SS,000001.SS,Fushun Special Steel Co Ltd
601155.SS,000001.SS,"Future Land Holdings Co., Ltd."
600660.SS,000001.SS,"Fuyao Glass Industry Group Co.,Ltd"
603886.SS,000001.SS,"Ganso Co., Ltd."
600354.SS,000001.SS,"Gansu Dunhuang Seed Group Co.,Ltd."
600687.SS,000001.SS,"Gansu Gangtai Holding(Group) Co.,Ltd"
601086.SS,000001.SS,"Gansu Guofang Industry & Trade (Group) Co., Ltd."
600307.SS,000001.SS,Gansu Jiu Steel Group Hongxing Iron & Steel Co Ltd
600543.SS,000001.SS,Gansu Mogao Industrial Development Co Ltd
600720.SS,000001.SS,"Gansu Qilianshan Cement Group Co.,Ltd."
600311.SS,000001.SS,Gansu Ronghua Industry Group Co Ltd
600108.SS,000001.SS,Gansu Yasheng Industrial (Group) Co Ltd
603444.SS,000001.SS,"G-bits Network Technology(Xiamen)Co., Ltd."
600795.SS,000001.SS,GD Power Development Co Ltd
600383.SS,000001.SS,Gemdale Corporation
601002.SS,000001.SS,"Gem-Year Industrial Co.,Ltd."
600759.SS,000001.SS,Geo-Jade Petroleum Corporation
603387.SS,000001.SS,"Getein Biotech, Inc."
603986.SS,000001.SS,GigaDevice Semiconductor (Beijing) Inc.
600080.SS,000001.SS,Ginwa Enterprise (Group) Inc
600182.SS,000001.SS,Giti Tire Corporation
600562.SS,000001.SS,"Glarun Technology Co.,Ltd."
600898.SS,000001.SS,"Gome Telecom Equipment Co., Ltd."
603256.SS,000001.SS,"GRACE FABRIC TECHNOLOGY CO.,LTD"
600323.SS,000001.SS,"Grandblue Environment Co.,Ltd."
601633.SS,000001.SS,Great Wall Motor Co Ltd
603336.SS,000001.SS,"GREAT-SUN FOODS CO.,LTD."
600094.SS,000001.SS,Greattown Holdings Ltd
900940.SS,000001.SS,Greattown Holdings Ltd
600185.SS,000001.SS,"Gree Real Estate Co.,Ltd"
600606.SS,000001.SS,Greenland Holdings Corporation Limited
600206.SS,000001.SS,"GRINM ADVANCED MATERIALS CO., LTD."
603838.SS,000001.SS,"GUANG DONG SITONG GROUP CO., LTD."
600083.SS,000001.SS,"Guangdong Boxin Investing & Holdings Co.,Ltd"
603386.SS,000001.SS,"Guangdong Champion Asia Electronics CO.,LTD."
603335.SS,000001.SS,Guangdong Dcenti Auto-Parts Stock Limited Company
603328.SS,000001.SS,"Guangdong Ellington Electronics Technology Co., Ltd"
603813.SS,000001.SS,"GuangDong GenSho Logistics CO., LTD."
600433.SS,000001.SS,Guangdong Guanhao High-Tech Co Ltd
600673.SS,000001.SS,"GUANGDONG HEC TECHNOLOGY HOLDING CO., LTD"
603848.SS,000001.SS,"Guangdong Hotata Technology Group Co.,Ltd."
603797.SS,000001.SS,"Guangdong Liantai Environmental Protection Co.,Ltd."
603983.SS,000001.SS,"Guangdong Marubi Biotechnology Co., Ltd."
600868.SS,000001.SS,"Guangdong Meiyan Jixiang Hydropower Co.,Ltd."
600382.SS,000001.SS,Guangdong Mingzhu Group Co Ltd
600589.SS,000001.SS,Guangdong Rongtai Industry Co Ltd
603268.SS,000001.SS,"Guangdong Songfa Ceramics CO., LTD."
603863.SS,000001.SS,"Guangdong Songyang Recycle Resources Co.,LTD"
603322.SS,000001.SS,"GuangDong Super Telecom Co.,Ltd."
603725.SS,000001.SS,"Guangdong Tianan New Material Co., Ltd."
603348.SS,000001.SS,"Guangdong Wencan Die Casting Co., Ltd."
600234.SS,000001.SS,"Guanghe landscape Culture Communication Co., Ltd, ShanXi"
600256.SS,000001.SS,"GUANGHUI ENERGY CO., LTD."
600603.SS,000001.SS,"GUANGHUI LOGISTICS CO., LTD"
601333.SS,000001.SS,Guangshen Railway Company Limited
601996.SS,000001.SS,Guangxi Fenglin Wood Industry Group Co Ltd
600556.SS,000001.SS,"Guangxi Future Technology Co., Ltd."
600310.SS,000001.SS,Guangxi Guidong Electric Power Co Ltd
600236.SS,000001.SS,Guangxi Guiguan Electric Power Co Ltd
603368.SS,000001.SS,"Guangxi Liuzhou Pharmaceutical Co., Ltd."
601368.SS,000001.SS,"Guangxi Nanning Waterworks Co.,Ltd."
600936.SS,000001.SS,Guangxi Radio and Television Information Network Corporation Limited
600368.SS,000001.SS,Guangxi Wuzhou Communications Co Ltd
600252.SS,000001.SS,Guangxi Wuzhou Zhongheng Group Co Ltd
601238.SS,000001.SS,"Guangzhou Automobile Group Co., Ltd."
603861.SS,000001.SS,"Guangzhou Baiyun Electric Equipment Co., Ltd."
600004.SS,000001.SS,Guangzhou Baiyun International Airport Co Ltd
600332.SS,000001.SS,GUANGZHOU BAIYUNSHAN PHARMACEUTICAL HOLDINGS COMPANY LIMITED
600098.SS,000001.SS,Guangzhou Development Group Incorporated
600894.SS,000001.SS,"Guangzhou Guangri Stock Co., Ltd."
603898.SS,000001.SS,"Guangzhou Holike Creative Home Co.,Ltd."
603535.SS,000001.SS,"Guangzhou Jiacheng International Logistics Co., Ltd."
603882.SS,000001.SS,"Guangzhou Kingmed Diagnostics Group Co., Ltd."
600684.SS,000001.SS,Guangzhou Pearl River Industrial Development Co Ltd
601228.SS,000001.SS,GUANGZHOU PORT COMPANY LIMITED
603043.SS,000001.SS,"GUANGZHOU RESTAURANT GROUP CO.,LTD."
603390.SS,000001.SS,"Guangzhou Tongda Auto Electric Co., Ltd"
600393.SS,000001.SS,"Guangzhou Yuetai Group Co.,Ltd."
603166.SS,000001.SS,"GUILIN FUDA Co.,Ltd."
603555.SS,000001.SS,"Guirenniao Co., Ltd."
600996.SS,000001.SS,"Guizhou Broadcasting & TV Information Network Co., Ltd."
600112.SS,000001.SS,"Guizhou Changzheng Tiancheng Holding Co.,Ltd"
600903.SS,000001.SS,Guizhou Gas Group Corporation Ltd.
600523.SS,000001.SS,Guizhou Guihang Automotive Components Co Ltd
600395.SS,000001.SS,Guizhou Panjiang Refined Coal Co Ltd
600367.SS,000001.SS,Guizhou Redstar Developing Co Ltd
600227.SS,000001.SS,"GUIZHOU SALVAGE PHARMACEUTICAL CO.,LTD."
603458.SS,000001.SS,"Guizhou Transportation Planning Survey&Design Academe Co.,Ltd."
600992.SS,000001.SS,Guizhou Wire Rope Co Ltd
600594.SS,000001.SS,Guizhou Yibai Pharmaceutical Co Ltd
600268.SS,000001.SS,Guodian Nanjing Automation Co Ltd
601211.SS,000001.SS,"Guotai Junan Securities Co., Ltd."
600690.SS,000001.SS,"Haier Smart Home Co., Ltd."
603639.SS,000001.SS,"HailirPesticidesandChemicals GroupCo.,Ltd."
600221.SS,000001.SS,"Hainan Airlines Holding Co., Ltd."
900945.SS,000001.SS,"Hainan Airlines Holding Co., Ltd."
603069.SS,000001.SS,"Hainan Haiqi Transportation Group Co.,LTD."
600515.SS,000001.SS,"Hainan HNA Infrastructure Investment Group Co., LTD"
601969.SS,000001.SS,"Hainan Mining Co., Ltd."
600238.SS,000001.SS,"Hainan Yedao (Group)Co.,Ltd"
600837.SS,000001.SS,Haitong Securities Company Limited
600126.SS,000001.SS,Hang Zhou Iron & Steel Co Ltd
603298.SS,000001.SS,"Hangcha Group Co.,Ltd."
600477.SS,000001.SS,"Hangxiao Steel Structure Co., Ltd"
601177.SS,000001.SS,Hangzhou Advance Gearbox Group Co Ltd
603618.SS,000001.SS,"Hangzhou Cable Co., Ltd."
603258.SS,000001.SS,"Hangzhou Electronic Soul Network Technology Co.,Ltd"
603806.SS,000001.SS,"HANGZHOU FIRST PV MATERIAL Co., LTD."
603602.SS,000001.SS,"Hangzhou Freely Communication Co., Ltd."
600814.SS,000001.SS,Hangzhou Jiebai Group Co Ltd
603238.SS,000001.SS,"HangZhou Nbond Nonwovens Co., Ltd."
600460.SS,000001.SS,Hangzhou Silan Microelectronics Co Ltd
600671.SS,000001.SS,"Hangzhou Tianmushan Pharmaceutical Enterprise Co.,Ltd"
603040.SS,000001.SS,"Hangzhou XZB Tech Co.,Ltd"
603901.SS,000001.SS,"Hangzhou Youngsun Intelligent Equipment Co., Ltd."
600378.SS,000001.SS,"Haohua Chemical Science & Technology Corp., Ltd."
600202.SS,000001.SS,Harbin Air Conditioning Co Ltd
600891.SS,000001.SS,"Harbin Churin Group Jointstock Co.,Ltd."
600178.SS,000001.SS,Harbin Dongan Auto Engine Co Ltd
600701.SS,000001.SS,Harbin Gong Da High-Tech Enterprise Development Co Ltd
600864.SS,000001.SS,"Harbin Hatou Investment Co.,Ltd"
600095.SS,000001.SS,Harbin High-Tech (Group) Co Ltd
600664.SS,000001.SS,Harbin Pharmaceutical Group Co Ltd
603023.SS,000001.SS,"Harbin Viti Electronic Co.,Ltd."
603958.SS,000001.SS,"HARSON TRADING (CHINA) CO., LTD."
603313.SS,000001.SS,"Healthcare Co., Ltd."
600559.SS,000001.SS,"Hebei Hengshui Laobaigan Liquor Co.,Ltd."
600722.SS,000001.SS,Hebei Jinniu Chemical Industry Co Ltd
603156.SS,000001.SS,"Hebei Yangyuan ZhiHui Beverage Co., Ltd."
603768.SS,000001.SS,Hefei Changqing Machinery Company Limited
603011.SS,000001.SS,"Hefei Metalforming Intelligent Manufacturing Co., Ltd."
603656.SS,000001.SS,"Hefei Taihe Optoelectronic Technology Co., Ltd."
600398.SS,000001.SS,"Heilan Home Co.,Ltd"
600598.SS,000001.SS,Heilongjiang Agriculture Co Ltd
600187.SS,000001.SS,"Heilongjiang Interchina Watertreatment Co.,Ltd"
601188.SS,000001.SS,Heilongjiang Transportation Development Co Ltd
603567.SS,000001.SS,"HeiLongJiang ZBD Pharmaceutical Co., Ltd."
600207.SS,000001.SS,Henan Ancai Hi-Tech Co Ltd
600403.SS,000001.SS,"Henan Dayou Energy Co., Ltd"
600172.SS,000001.SS,Henan Huanghe Whirlwind Co Ltd
600285.SS,000001.SS,Henan Lingrui Pharmaceutical Co Ltd
601677.SS,000001.SS,Henan Mingtai AL.Industrial Co Ltd
600753.SS,000001.SS,"Henan Oriental Silver Star Investment Co.,Ltd"
600312.SS,000001.SS,Henan Pinggao Electric Co Ltd
600439.SS,000001.SS,Henan Rebecca Hair Products Co Ltd
600222.SS,000001.SS,Henan Taloph Pharmaceutical Stock Co Ltd
603508.SS,000001.SS,"Henan Thinker Automatic Equipment Co., Ltd."
600069.SS,000001.SS,Henan Yinge Industrial Investment Holding Co Ltd
600531.SS,000001.SS,Henan Yuguang Gold & Lead Co Ltd
600595.SS,000001.SS,Henan Zhongfu Industry Co Ltd
600020.SS,000001.SS,Henan Zhongyuan Expressway Co Ltd
603103.SS,000001.SS,"HENGDIAN ENTERTAINMENT CO., LTD."
603303.SS,000001.SS,"Hengdian Group Tospo Lighting Co., Ltd."
600346.SS,000001.SS,"Hengli Petrochemical Co.,Ltd."
603223.SS,000001.SS,"HENGTONG LOGISTICS CO.,LTD."
600487.SS,000001.SS,"Hengtong Optic-Electric Co.,Ltd"
603556.SS,000001.SS,"Hexing Electrical Co., Ltd"
600060.SS,000001.SS,"Hisense Visual Technology Co., Ltd."
603306.SS,000001.SS,"HMT (Xiamen) New Technical Materials Co.,Ltd"
600555.SS,000001.SS,"HNA INNOVATION CO.,LTD."
900955.SS,000001.SS,"HNA INNOVATION CO.,LTD."
600751.SS,000001.SS,"HNA Technology Co.,Ltd."
900938.SS,000001.SS,"HNA Technology Co.,Ltd."
603909.SS,000001.SS,"HOLSIN ENGINEERING CONSULTING CO.,LTD"
600885.SS,000001.SS,"Hongfa Technology Co., Ltd."
601236.SS,000001.SS,"HONGTA SECURITIES CO., LTD."
603260.SS,000001.SS,"HOSHINE SILICON INDUSTRY CO.,LTD"
600829.SS,000001.SS,HPGC Renmintongtai Pharmaceutical Corporation
600015.SS,000001.SS,Hua Xia Bank Co Ltd
600743.SS,000001.SS,"Hua Yuan Property Co.,Ltd."
600909.SS,000001.SS,"HUAAN SECURITIES CO., LTD."
603358.SS,000001.SS,"Huada Automotive Technology Co.,Ltd"
600726.SS,000001.SS,Huadian Energy Co Ltd
900937.SS,000001.SS,Huadian Energy Co Ltd
601226.SS,000001.SS,"HuaDian Heavy Industries Co.,Ltd."
600027.SS,000001.SS,Huadian Power International Corporation Ltd
600325.SS,000001.SS,Huafa Industrial Co Ltd Zhuhai
600448.SS,000001.SS,Huafang Co Ltd
600985.SS,000001.SS,"Huaibei Mining Holdings Co.,Ltd."
600575.SS,000001.SS,"Huaihe Energy (Group) Co.,Ltd"
603038.SS,000001.SS,"HUALI INDUSTRIES CO.,LTD."
600375.SS,000001.SS,"Hualing Xingma Automobile (Group) Co.,Ltd."
600011.SS,000001.SS,Huaneng Power International Inc
600025.SS,000001.SS,HuanengLancang River Hydropower Inc.
600054.SS,000001.SS,Huangshan Tourism Development Co Ltd
900942.SS,000001.SS,Huangshan Tourism Development Co Ltd
900956.SS,000001.SS,Huangshi Dongbei Electrical Appliance Co Ltd
601688.SS,000001.SS,Huatai Securities Co Ltd
600801.SS,000001.SS,Huaxin Cement Co Ltd
900933.SS,000001.SS,Huaxin Cement Co Ltd
600290.SS,000001.SS,Huayi Electric Company Limited
600741.SS,000001.SS,HUAYU Automotive Systems Company Limited
600035.SS,000001.SS,Hubei Chutian Expressway Co Ltd
600566.SS,000001.SS,"HUBEI JUMPCAN PHARMACEUTICAL CO., LTD."
600107.SS,000001.SS,"Hubei Mailyard Share Co.,Ltd"
600293.SS,000001.SS,Hubei Sanxia New Building Material Co Ltd
603738.SS,000001.SS,"Hubei TKD Crystal Electronic Science and Technology Co., Ltd."
600275.SS,000001.SS,Hubei Wuchangyu Co Ltd
600141.SS,000001.SS,Hubei Xingfa Chemicals Group Co Ltd
600421.SS,000001.SS,"Hubei Yangfan Holding Co.,Ltd."
603067.SS,000001.SS,"HubeiZhenhuaChemicalCo.,Ltd."
603385.SS,000001.SS,"HUIDA SANITARY WARE CO.,LTD."
600079.SS,000001.SS,"Humanwell Healthcare (Group) Co., Ltd."
603989.SS,000001.SS,"HUNAN AIHUA GROUP CO., LTD."
603959.SS,000001.SS,"HUNAN BAILI ENGINEERING SCI&TECH CO.,LTD"
600969.SS,000001.SS,Hunan Chendian International Development Share Holding Ltd Co
600476.SS,000001.SS,Hunan Copote Science&Technology Co Ltd
600478.SS,000001.SS,"Hunan Corun New Energy Co.,Ltd."
603998.SS,000001.SS,"Hunan Fangsheng Pharmaceutical Co., Ltd."
600731.SS,000001.SS,Hunan Haili Chemical Industry Co Ltd
600156.SS,000001.SS,Hunan Huasheng Co Ltd
600975.SS,000001.SS,Hunan New Wellful Co Ltd
603319.SS,000001.SS,"HUNAN OIL PUMP CO., LTD."
600929.SS,000001.SS,"HUNAN SALT INDUSTRY CO.,LTD"
600698.SS,000001.SS,"Hunan Tyen Machinery Co., Ltd"
900946.SS,000001.SS,"Hunan Tyen Machinery Co., Ltd"
600570.SS,000001.SS,Hundsun Technologies Inc.
600387.SS,000001.SS,"HY Energy Group Co.,Ltd"
603825.SS,000001.SS,"Hylink Digital Solution Co., Ltd."
600933.SS,000001.SS,"IKD Co., Ltd."
601398.SS,000001.SS,Industrial and Commercial Bank of China Ltd
601166.SS,000001.SS,Industrial Bank
601377.SS,000001.SS,Industrial Securities Co Ltd
600602.SS,000001.SS,INESA Intelligent Tech Inc.
900901.SS,000001.SS,INESA Intelligent Tech Inc.
603598.SS,000001.SS,"Inly Media Co., Ltd."
600010.SS,000001.SS,Inner Mongolia Baotou Steel Union Co Ltd
600295.SS,000001.SS,"Inner Mongolia Eerduosi Resources Co.,Ltd."
900936.SS,000001.SS,"Inner Mongolia Eerduosi Resources Co.,Ltd."
600967.SS,000001.SS,"Inner Mongolia First Machinery Group Co.,Ltd."
601216.SS,000001.SS,"Inner Mongolia Junzheng Energy & Chemical Group Co.,Ltd."
600328.SS,000001.SS,Inner Mongolia Lantai Industrial Co Ltd
600863.SS,000001.SS,Inner Mongolia Mengdian Huaneng Thermal Power Corp Ltd
600262.SS,000001.SS,Inner Mongolia North Hauler Joint Stock Co Ltd
600887.SS,000001.SS,Inner Mongolia Yili Industrial Group Co Ltd
900948.SS,000001.SS,Inner Mongolia Yitai Coal Co Ltd
600797.SS,000001.SS,Insigma Technology Co Ltd
600756.SS,000001.SS,"Inspur software Co., Ltd."
603533.SS,000001.SS,"IReader Technology Co., Ltd"
600707.SS,000001.SS,Irico Display Devices Co Ltd
603337.SS,000001.SS,"Jack Sewing Machine Co.,Ltd."
601886.SS,000001.SS,"Jangho Group Co., Ltd."
603816.SS,000001.SS,"Jason Furniture (Hangzhou) Co.,Ltd."
600584.SS,000001.SS,"JCET Group Co., Ltd."
603979.SS,000001.SS,"JCHX MINING MANAGEMENT CO.,LTD."
603088.SS,000001.SS,"JDM JingDa Machine (Ningbo) Co., Ltd."
603708.SS,000001.SS,"Jiajiayue Group Co., Ltd."
603299.SS,000001.SS,"Jiang Su Suyan Jingshen Co.,Ltd"
603878.SS,000001.SS,"JIANG SU WUJIN STAINLESS STEEL PIPE GROUP CO., LTD."
603208.SS,000001.SS,"Jiangshan Oupai Door Industry Co., Ltd"
600959.SS,000001.SS,Jiangsu Broadcasting Cable Information Network Corporation Limited
601128.SS,000001.SS,"Jiangsu Changshu Rural Commercial Bank Co., Ltd."
600078.SS,000001.SS,Jiangsu Chengxing Phosph-Chemical Co Ltd
600854.SS,000001.SS,Jiangsu Chunlan Refrigerating Equipment Stock Co Ltd
603876.SS,000001.SS,"Jiangsu Dingsheng New Material Joint-Stock Co.,Ltd"
600105.SS,000001.SS,"Jiangsu Etern Co.,Ltd"
600377.SS,000001.SS,Jiangsu Expressway Co Ltd
603810.SS,000001.SS,"Jiangsu Fengshan Group Co., Ltd"
600901.SS,000001.SS,"Jiangsu Financial Leasing Co.,Ltd."
603007.SS,000001.SS,"JIANGSU FLOWERS KING HORTICULTURE CO., LTD."
601500.SS,000001.SS,"JIANGSU GENERAL SCIENCE TECHNOLOGY CO.,LTD"
603915.SS,000001.SS,"JIANGSU GUOMAO REDUCER CO.,LTD."
601100.SS,000001.SS,"Jiangsu Hengli Hydraulic CO., Ltd."
600276.SS,000001.SS,Jiangsu Hengrui Medicine Co Ltd
600305.SS,000001.SS,"Jiangsu Hengshun Vinegar-Industry Co.,Ltd"
600981.SS,000001.SS,JIANGSU HIGH HOPE INTERNATIONAL GROUP CORPORATION
600128.SS,000001.SS,Jiangsu Holly Corp
600400.SS,000001.SS,Jiangsu Hongdou Industry Co Ltd
600122.SS,000001.SS,Jiangsu Hongtu High Technology Co Ltd
600527.SS,000001.SS,Jiangsu Jiangnan High Polymer Fiber Co Ltd
601199.SS,000001.SS,Jiangsu Jiangnan Water Co Ltd
600557.SS,000001.SS,Jiangsu Kanion Pharmaceutical Co Ltd
603369.SS,000001.SS,"Jiangsu King's Luck Brewery Joint-Stock Co., Ltd."
603629.SS,000001.SS,"Jiangsu Lettall Electronic Co.,Ltd"
600513.SS,000001.SS,Jiangsu Lianhuan Pharmaceutical Co Ltd
601008.SS,000001.SS,Jiangsu Lianyungang Port Co Ltd
603519.SS,000001.SS,"Jiangsu Liba Enterprise Joint-Stock Co.,Ltd"
603937.SS,000001.SS,"JIANGSU LIDAO NEW MATERIAL CO., LTD."
601222.SS,000001.SS,"Jiangsu Linyang Energy Co., Ltd."
603906.SS,000001.SS,"JIANGSU LOPAL TECH. Co., Ltd."
601599.SS,000001.SS,"Jiangsu Lugang Culture Co., Ltd"
603829.SS,000001.SS,"Jiangsu Luokai Mechanical & Electrical Co., Ltd."
603041.SS,000001.SS,"Jiangsu Maysta Chemical Co., Ltd"
603880.SS,000001.SS,"Jiangsu Nanfang Medical Co., Ltd."
603693.SS,000001.SS,"Jiangsu New Energy Development Co., Ltd."
603688.SS,000001.SS,"JIANGSU PACIFIC QUARTZ CO., LTD"
600716.SS,000001.SS,Jiangsu Phoenix Property Investment Company Limited
601928.SS,000001.SS,Jiangsu Phoenix Publishing & Media Co Ltd
601952.SS,000001.SS,"Jiangsu Provincial Agricultural Reclamation and Development Co.,Ltd."
603286.SS,000001.SS,"Jiangsu Riying Electronics Co., Ltd."
603036.SS,000001.SS,"Jiangsu Rutong Petro-Machinery Co., Ltd."
603028.SS,000001.SS,"Jiangsu Safety Wire Rope Co., Ltd."
600287.SS,000001.SS,Jiangsu Sainty Corp Ltd
600370.SS,000001.SS,Jiangsu Sanfangxiang Industry Co Ltd
603269.SS,000001.SS,"Jiangsu Seagull Cooling Tower Co.,Ltd."
603530.SS,000001.SS,"Jiangsu Shemar Electric Co., Ltd"
601218.SS,000001.SS,"Jiangsu SINOJIT Wind Energy Technology Co., Ltd."
600746.SS,000001.SS,Jiangsu Sopo Chemical Co Ltd
600220.SS,000001.SS,Jiangsu Sunshine Co Ltd
603323.SS,000001.SS,"Jiangsu Suzhou Rural Commercial Bank Co.,Ltd."
603136.SS,000001.SS,"Jiangsu Tianmu Lake Tourism Co.,Ltd."
603117.SS,000001.SS,"Jiangsu Wanlin Modern Logistics Co., Ltd."
600200.SS,000001.SS,Jiangsu Wuzhong Industrial Co Ltd
603179.SS,000001.SS,"Jiangsu Xinquan Automotive Trim Co.,Ltd"
603787.SS,000001.SS,"JIANGSU XINRI E-VEHICLE CO., LTD."
603188.SS,000001.SS,"JIANGSU YABANG DYESTUFF CO., LTD."
600486.SS,000001.SS,Jiangsu Yangnong Chemical Co Ltd
600805.SS,000001.SS,Jiangsu Yueda Investment Co Ltd
601028.SS,000001.SS,Jiangsu Yulong Steel Pipe Co Ltd
603507.SS,000001.SS,"JiangSu Zhenjiang NewEnergy Equipment Co., Ltd."
600522.SS,000001.SS,Jiangsu Zhongtian Technologies Co Ltd
601860.SS,000001.SS,"Jiangsu Zijin Rural Commercial Bank Co., Ltd."
600770.SS,000001.SS,Jiangsu Zongyi Co Ltd
600228.SS,000001.SS,Jiangxi Changjiu Biochemical Industry Co Ltd
600561.SS,000001.SS,Jiangxi Changyun Co Ltd
600362.SS,000001.SS,Jiangxi Copper Co Ltd
600269.SS,000001.SS,Jiangxi Ganyue Expressway Co Ltd
603977.SS,000001.SS,"Jiangxi Guotai Group Co.,Ltd."
600461.SS,000001.SS,Jiangxi Hongcheng Waterworks Co Ltd
600316.SS,000001.SS,Jiangxi Hongdu Aviation Industry Co Ltd
600363.SS,000001.SS,Jiangxi Lianchuang Optoelectronic Science and Technology Co Ltd
603985.SS,000001.SS,"Jiangyin Hengrun Heavy Industries Co.,Ltd"
603078.SS,000001.SS,"JIANGYIN JIANGHUA MICROELECTRONICS MATERIALS CO., LTD"
600750.SS,000001.SS,"Jiangzhong Pharmaceutical Co.,Ltd"
600976.SS,000001.SS,"Jianmin Pharmaceutical Groups Co.,Ltd."
603871.SS,000001.SS,"Jiayou International Logistics Co., Ltd."
601718.SS,000001.SS,Jihua Group Co Ltd
600247.SS,000001.SS,"Jilin Chengcheng Group Co.,Ltd"
601518.SS,000001.SS,Jilin Expressway Co Ltd
600189.SS,000001.SS,Jilin Forest Industry Co Ltd
600360.SS,000001.SS,Jilin Sino-Microelectronics Co Ltd
600881.SS,000001.SS,Jilin Yatai (Group) Co Ltd
601958.SS,000001.SS,Jinduicheng Molybdenum Co Ltd
603279.SS,000001.SS,"Jingjin Environmental Protection Co., Ltd."
603518.SS,000001.SS,"Jinhong Fashion Group Co., Ltd."
603657.SS,000001.SS,"Jinhua Chunguang Technology Co., Ltd."
603919.SS,000001.SS,"JINHUI LIQUOR Co.,Ltd."
600127.SS,000001.SS,"Jinjian Cereals Industry Co.,Ltd."
601007.SS,000001.SS,Jinling Hotel Co LTd
603113.SS,000001.SS,"JINNENG SCIENCE&TECHNOLOGY CO.,LTD."
600495.SS,000001.SS,Jinxi Axle Co Ltd
600201.SS,000001.SS,"Jinyu Bio-Technology Co.,Ltd."
603399.SS,000001.SS,"JINZHOU JIXIANG MOLY CO., LTD"
600190.SS,000001.SS,Jinzhou Port Co Ltd
900952.SS,000001.SS,Jinzhou Port Co Ltd
601929.SS,000001.SS,"JISHI MEDIA CO.,LTD."
601566.SS,000001.SS,Joeone Co Ltd
600380.SS,000001.SS,Joincare Pharmaceutical Group Industry Co Ltd
603127.SS,000001.SS,"JOINN LABORATORIES (CHINA) CO.,LTD."
600998.SS,000001.SS,Jointown Pharmaceutical Group Co Ltd
600872.SS,000001.SS,"Jonjee Hi-Tech Industrial and Commercial Holding Co.,Ltd."
603517.SS,000001.SS,"Juewei Food Co., Ltd."
603885.SS,000001.SS,"JUNEYAO AIRLINES Co., Ltd"
603617.SS,000001.SS,"JUNHE PUMPS HOLDING CO.,LTD."
600260.SS,000001.SS,"Kaile Science and Technology Co.,Ltd.Hubei"
600997.SS,000001.SS,"Kailuan Energy Chemical Co.,Ltd."
900953.SS,000001.SS,"Kama Co.,Ltd"
600518.SS,000001.SS,Kangmei Pharmaceutical Co Ltd
600076.SS,000001.SS,"Kangxin New Materials Co.,Ltd"
603786.SS,000001.SS,"KEBODA TECHNOLOGY Co., Ltd."
600499.SS,000001.SS,"Keda Clean Energy Co.,Ltd."
600986.SS,000001.SS,Keda Group Co Ltd
603610.SS,000001.SS,Keeson Technology Corporation Limited
603161.SS,000001.SS,"Kehua Holdings Co.,Ltd."
603662.SS,000001.SS,"Keli Sensing Technology (Ningbo) Co.,Ltd."
603355.SS,000001.SS,"Kingclean Electric Co., Ltd."
600143.SS,000001.SS,Kingfa Sci&Tech Co Ltd
600255.SS,000001.SS,"Kingswood Enterprise Co.,Ltd"
600579.SS,000001.SS,KraussMaffei Company Limited.
603680.SS,000001.SS,"KTK GROUP Co., Ltd."
601579.SS,000001.SS,"Kuaijishan Shaoxing Rice Wine Co., Ltd"
600422.SS,000001.SS,Kunming Pharmaceutical Corp
603626.SS,000001.SS,"Kunshan Kersen Science & Technology Co.,Ltd."
600053.SS,000001.SS,"Kunwu Jiuding Investment Holdings Co., Ltd"
600519.SS,000001.SS,Kweichow Moutai Co Ltd
603929.SS,000001.SS,"L&K ENGINEERING (SUZHOU) CO.,LTD."
603630.SS,000001.SS,"Lafang China Co.,Ltd."
600149.SS,000001.SS,"Langfang Development Co.,Ltd."
600896.SS,000001.SS,"LANHAI MEDICAL INVESTMENT CO.,LTD."
601798.SS,000001.SS,Lanpec Technologies Co Ltd
600192.SS,000001.SS,Lanzhou Great Wall Electrical Co Ltd
603169.SS,000001.SS,"Lanzhou LS Heavy Equipment Co., Ltd."
600738.SS,000001.SS,Lanzhou Minbai Shareholding (Group) Co Ltd
600612.SS,000001.SS,"Lao Feng Xiang Co.,Ltd."
900905.SS,000001.SS,"Lao Feng Xiang Co.,Ltd."
603883.SS,000001.SS,Laobaixing Pharmacy Chain Joint Stock Company
600209.SS,000001.SS,Lawton Development Co Ltd
600644.SS,000001.SS,"Leshan Electric Power Co.,Ltd"
603900.SS,000001.SS,Leysen Jewellery Inc.
600739.SS,000001.SS,Liaoning Cheng Da Co Ltd
603315.SS,000001.SS,"Liaoning Fu-An Heavy Industry Co., Ltd."
600758.SS,000001.SS,"Liaoning Hongyang Energy Resource Invest Co.,Ltd"
600303.SS,000001.SS,Liaoning SG Automotive Group Co Ltd
600241.SS,000001.SS,"Liaoning Shidai Wanheng Co.,Ltd."
603609.SS,000001.SS,"Liaoning Wellhope Agri-Tech Joint Stock Co.,Ltd."
601777.SS,000001.SS,Lifan Industry (Group) Co Ltd
603823.SS,000001.SS,"Lily Group Co., Ltd."
603636.SS,000001.SS,"Linewell Software Co., Ltd."
600231.SS,000001.SS,Lingyuan Iron & Steel Co Ltd
600480.SS,000001.SS,Lingyun Industrial Corporation Ltd
600099.SS,000001.SS,Linhai Co Ltd
603669.SS,000001.SS,"Lionco Pharmaceutical Group Co.,Ltd."
601366.SS,000001.SS,"Liqun Commercial Group Co., Ltd."
600423.SS,000001.SS,Liuzhou Chemical Industry Co Ltd
601003.SS,000001.SS,Liuzhou Iron & Steel Co Ltd
600249.SS,000001.SS,Liuzhou Liangmianzhen Co Ltd
603766.SS,000001.SS,"Loncin Motor Co., Ltd."
600491.SS,000001.SS,Long Yuan Construction Group Co Ltd
601012.SS,000001.SS,"Longi Green Energy Technology Co., Ltd."
600853.SS,000001.SS,Longjian Road & Bridge Co Ltd
600186.SS,000001.SS,Lotus Health Industry Holding Group Company
600135.SS,000001.SS,Lucky Film Co Ltd
600167.SS,000001.SS,"Luenmei Holding Co.,Ltd"
600876.SS,000001.SS,Luoyang Glass Co Ltd
600223.SS,000001.SS,"Lushang Health Industry Development Co.,Ltd."
600783.SS,000001.SS,"Luxin Venture Capital Group Co.,Ltd."
600784.SS,000001.SS,Luyin Investment Group Co Ltd
600808.SS,000001.SS,Maanshan Iron and Steel Co Ltd
600828.SS,000001.SS,"Maoye Commercial Co., Ltd."
600337.SS,000001.SS,"Markor International Home Furnishings Co., Ltd."
600993.SS,000001.SS,"Mayinglong Pharmaceutical Group Co.,Ltd"
600175.SS,000001.SS,Meidu Energy Corporation
600873.SS,000001.SS,"Meihua Holdings Group Co., Ltd"
601618.SS,000001.SS,Metallurgical Corporation of China Co Ltd
600683.SS,000001.SS,Metro Land Corporation Ltd.
603713.SS,000001.SS,"MILKYWAY CHEMICAL SUPPLY CHAIN SERVICE CO.,LTD"
600235.SS,000001.SS,Minfeng Special Paper Co Ltd
601615.SS,000001.SS,MingYangSmartEnergyGroupLimited
600390.SS,000001.SS,Minmetals Capital Company Limited
600058.SS,000001.SS,Minmetals Development Co Ltd
600356.SS,000001.SS,Mudanjiang Hengfeng Paper Co Ltd
603506.SS,000001.SS,"Nacity Property Service Co., Ltd."
603859.SS,000001.SS,"Nancal Energy-Saving Technology Co.,Ltd."
603093.SS,000001.SS,"NANHUA FUTURES CO.,LTD"
603912.SS,000001.SS,"Nanjing Canatal Data-Centre Environmental Tech Co., Ltd"
600280.SS,000001.SS,"Nanjing Central Emporium (Group) Stocks Co.,Ltd."
600889.SS,000001.SS,Nanjing Chemical Fibre Co Ltd
603982.SS,000001.SS,"NANJING CHERVON AUTO PRECISION TECHNOLOGY CO., LTD"
600533.SS,000001.SS,Nanjing Chixia Development Co Ltd
603528.SS,000001.SS,"Nanjing Doron Technology Co., Ltd."
600064.SS,000001.SS,NANJING GAOKE COMPANY LIMITED
603042.SS,000001.SS,"Nanjing Huamai Technology Co., Ltd."
603066.SS,000001.SS,"Nanjing Inform Storage Equipment Co., Ltd."
600282.SS,000001.SS,Nanjing Iron & Steel Co Ltd
603111.SS,000001.SS,"Nanjing Kangni Mechanical&Electrical Co., Ltd."
603707.SS,000001.SS,"Nanjing King-Friend Biochemical Pharmaceutical Co., Ltd"
603326.SS,000001.SS,"Nanjing OLO Home Furnishing Co.,Ltd."
600775.SS,000001.SS,Nanjing Panda Electronics Co Ltd
600713.SS,000001.SS,Nanjing Pharmaceutical Company Limited
601990.SS,000001.SS,"Nanjing Securities Co., Ltd."
601975.SS,000001.SS,Nanjing Tanker Corporation
600250.SS,000001.SS,Nanjing Textiles Import & Export Co Ltd
603351.SS,000001.SS,"Nanjing Well Pharmaceutical Co.,Ltd."
600682.SS,000001.SS,Nanjing Xinjiekou Department Store Co Ltd
600301.SS,000001.SS,Nanning Chemical Industry Co Ltd
600712.SS,000001.SS,Nanning Department Store Co Ltd
603968.SS,000001.SS,"Nantong Acetic Acid Chemical Co., Ltd."
603115.SS,000001.SS,"Nantong Haixing Electronics Co., Ltd."
600389.SS,000001.SS,Nantong Jiangshan Agrochemical & Chemical Co Ltd
600406.SS,000001.SS,"NARI Technology Co., Ltd."
600718.SS,000001.SS,Neusoft Corporation
601336.SS,000001.SS,New China Life Insurance Co Ltd
603110.SS,000001.SS,"New East New Materials Co., Ltd"
603699.SS,000001.SS,"Neway Valve (Suzhou) Co., Ltd."
600130.SS,000001.SS,Ningbo Bird Co Ltd
601789.SS,000001.SS,Ningbo Construction Co Ltd
600768.SS,000001.SS,Ningbo Fubang Jingye Group Co Ltd
600724.SS,000001.SS,Ningbo Fuda Company Limited
603788.SS,000001.SS,"Ningbo Gaofa Automotive Control System Co., Ltd."
601882.SS,000001.SS,"Ningbo Haitian Precision Machinery Co., Ltd."
603917.SS,000001.SS,"Ningbo Heli Mould Technology Co., Ltd."
603997.SS,000001.SS,"Ningbo Jifeng Auto Parts Co., Ltd."
600699.SS,000001.SS,Ningbo Joyson Electronic Corp.
603076.SS,000001.SS,"Ningbo Lehui International Engineering Equipment Co.,Ltd."
600798.SS,000001.SS,Ningbo Marine Co Ltd
603538.SS,000001.SS,"Ningbo Menovo Pharmaceutical Co., Ltd."
603606.SS,000001.SS,"Ningbo Orient Wires & Cables Co., Ltd."
603877.SS,000001.SS,"Ningbo Peacebird Fashion Co., Ltd."
601018.SS,000001.SS,Ningbo Port Co Ltd
601137.SS,000001.SS,Ningbo Powerway Alloy Material Co Ltd
601567.SS,000001.SS,"Ningbo Sanxing Medical Electric Co.,Ltd."
600884.SS,000001.SS,Ningbo Shanshan Co Ltd
603178.SS,000001.SS,"Ningbo Shenglong Automotive PowertrainSystem Co.,Ltd."
603015.SS,000001.SS,"NINGBO TECHMATION CO., LTD."
600982.SS,000001.SS,Ningbo Thermal Power Co Ltd
603266.SS,000001.SS,"Ningbo Tianlong Electronics Co., Ltd."
600114.SS,000001.SS,Ningbo Tongmuo New Material Group Co Ltd
601689.SS,000001.SS,"Ningbo Tuopu Group Co., Ltd."
600051.SS,000001.SS,Ningbo United Group Co Ltd
603700.SS,000001.SS,"NINGBO WATER METER CO., LTD."
603305.SS,000001.SS,"Ningbo Xusheng Auto Technology Co., Ltd."
603297.SS,000001.SS,"NINGBO YONG XIN OPTICS CO., LTD."
600366.SS,000001.SS,Ningbo Yunsheng Co Ltd
600857.SS,000001.SS,"NINGBO ZHONGBAI CO., LTD."
600989.SS,000001.SS,"Ningxia Baofeng Energy Group Co., Ltd."
600449.SS,000001.SS,"Ningxia Building Materials Group Co.,Ltd"
601619.SS,000001.SS,Ningxia Jiaze Renewables Corporation Limited
600165.SS,000001.SS,"Ningxia Xinri Hengli Steel Wire Co.,Ltd"
600812.SS,000001.SS,North China Pharmaceutical Co Ltd
600184.SS,000001.SS,"North Electro-Optic Co.,Ltd."
600435.SS,000001.SS,"North Navigation Control Technology Co., Ltd."
601999.SS,000001.SS,Northern United Publishing & Media (Group) Company Limited
600110.SS,000001.SS,"Nuode Investment Co.,Ltd."
600583.SS,000001.SS,Offshore Oil Engineering Co Ltd
603920.SS,000001.SS,"Olympic Circuit Technology Co., Ltd."
603833.SS,000001.SS,Oppein Home Group Inc.
603515.SS,000001.SS,"Opple Lighting Co., LTD."
600811.SS,000001.SS,Orient Group Incorporation
600278.SS,000001.SS,Orient International Enterprise Ltd
600958.SS,000001.SS,ORIENT SECURITIES COMPANY LIMITED
600599.SS,000001.SS,"Panda Financial Holding Corp., Ltd."
601258.SS,000001.SS,Pangda Automobile Trade Co Ltd
600728.SS,000001.SS,"Pci-Suntek Technology Co., Ltd."
600614.SS,000001.SS,"PENGQI TECHNOLOGY DEVELOPMENT Co., LTD"
900907.SS,000001.SS,"PENGQI TECHNOLOGY DEVELOPMENT Co., LTD"
600490.SS,000001.SS,"Pengxin International Mining Co., Ltd"
603000.SS,000001.SS,"People.cn CO.,LTD"
603059.SS,000001.SS,"Perfect Group Corp., Ltd"
601857.SS,000001.SS,PetroChina Co Ltd
600071.SS,000001.SS,Phoenix Optical Co Ltd
601318.SS,000001.SS,Ping An Insurance (Group) Company of China Ltd
601666.SS,000001.SS,Pingdingshan Tianan Coal Mining Co Ltd
603690.SS,000001.SS,"PNC Process Systems Co., Ltd."
600155.SS,000001.SS,"Polaris Bay Group Co.,Ltd."
600048.SS,000001.SS,"Poly Developments and Holdings Group Co., Ltd."
601658.SS,000001.SS,"POSTAL SAVINGS BANK OF CHINA CO., LTD."
603603.SS,000001.SS,"POTEN ENVIRONMENT GROUP CO., LTD."
601669.SS,000001.SS,"Power Construction Corporation of China,Ltd"
603605.SS,000001.SS,"Proya Cosmetics Co., Ltd."
603566.SS,000001.SS,"PULIKE BIOLOGICAL ENGINEERING, INC."
603027.SS,000001.SS,"QIANHE CONDIMENT AND FOOD CO., LTD"
600283.SS,000001.SS,Qianjiang Water Resources Development Co Ltd
603557.SS,000001.SS,"Qibu Co.,Ltd."
603677.SS,000001.SS,"Qijing Machinery Co., Ltd."
600229.SS,000001.SS,"Qingdao Citymedia Co., Ltd."
603798.SS,000001.SS,QINGDAO COPTON TECHNOLOGY COMPANY LIMITED
603187.SS,000001.SS,"Qingdao Hiron Commercial Cold Chain Co.,Ltd."
603577.SS,000001.SS,"QINGDAO HUIJINTONG POWER EQUIPMENT CO., LTD."
601298.SS,000001.SS,"Qingdao Port International Co., Ltd"
603755.SS,000001.SS,"QINGDAO RICHEN FOOD CO.,LTD."
603421.SS,000001.SS,Qingdao Topscomm Communication INC.
603739.SS,000001.SS,"Qingdao Vland Biotech Co.,Ltd."
600243.SS,000001.SS,Qinghai Huading Industrial Co Ltd
600714.SS,000001.SS,Qinghai Jinrun Mineral Development Co Ltd
600381.SS,000001.SS,"Qinghai Spring Medicinal Resources Technology Co., Ltd"
601326.SS,000001.SS,QINHUANGDAO PORT COMPANY LIMITED
603236.SS,000001.SS,"Quectel Wireless Solutions Co., Ltd"
603203.SS,000001.SS,"QUICK INTELLIGENT EQUIPMENT CO.,LTD."
603818.SS,000001.SS,"QuMei Home Furnishings Group Co., Ltd"
603803.SS,000001.SS,"RAISECOM TECHNOLOGY CO.,Ltd."
603650.SS,000001.SS,"Red Avenue New Materials Group Co., Ltd."
601828.SS,000001.SS,Red Star Macalline Group Corporation Ltd.
603196.SS,000001.SS,"Ribo Fashion Group Co., Ltd."
600321.SS,000001.SS,"Rightway Holdings Co., Ltd"
600259.SS,000001.SS,"Rising Nonferrous Metals Share Co., Ltd."
603218.SS,000001.SS,"Riyue Heavy Industry Co.,Ltd."
600017.SS,000001.SS,Rizhao Port Co Ltd
603860.SS,000001.SS,"RoadMainT Co.,Ltd."
600355.SS,000001.SS,Routon Electronic Co Ltd
600104.SS,000001.SS,SAIC Motor Co Ltd
601058.SS,000001.SS,"Sailun Group Co.,Ltd."
600703.SS,000001.SS,"Sanan Optoelectronics Co.,Ltd"
601116.SS,000001.SS,Sanjiang Shopping Club Co Ltd
603663.SS,000001.SS,"Sanxiang Advanced Materials Co., Ltd."
600031.SS,000001.SS,Sany Heavy Industry Co Ltd
600545.SS,000001.SS,Saurer Intelligent Technology Co. Ltd.
600061.SS,000001.SS,"SDIC Capital Co., Ltd"
600886.SS,000001.SS,"SDIC Power Holdings Co.,Ltd."
601918.SS,000001.SS,SDIC Xinji Energy Co Ltd
600962.SS,000001.SS,SDIC Zhonglu Fruit Juice Co Ltd
603988.SS,000001.SS,"SEC Electric Machinery Co., Ltd."
603109.SS,000001.SS,"SENCI ELECTRIC MACHINERY CO.,LTD."
600343.SS,000001.SS,Shaanxi Aerospace Power Hi-Tech Co Ltd
600379.SS,000001.SS,Shaanxi Baoguang Vacuum Electronic Apparatus Co Ltd
600831.SS,000001.SS,"Shaanxi Broadcast & Tv Network Intermediary(Group) Co.,Ltd."
601225.SS,000001.SS,Shaanxi Coal Industry Company Limited
600984.SS,000001.SS,Shaanxi Construction Machinery Co Ltd
603139.SS,000001.SS,"Shaanxi Kanghui Pharmaceutical CO., LTD."
600248.SS,000001.SS,"Shaanxi Yanchang Petroleum Chemical Engineering Co.,Ltd."
603086.SS,000001.SS,"Shan Dong Cynda Chemical Co.,Ltd."
600966.SS,000001.SS,Shandong Bohui Paper Industrial Co Ltd
603858.SS,000001.SS,"SHANDONG BUCHANG PHARMACEUTICALS CO., LTD."
603278.SS,000001.SS,"Shandong Daye Co., Ltd."
603856.SS,000001.SS,"Shandong Donghong Pipe Industry Co., Ltd."
603586.SS,000001.SS,"Shandong Gold Phoenix Co.,Ltd"
600547.SS,000001.SS,Shandong Gold-Mining Co Ltd
600735.SS,000001.SS,"Shandong Hiking International Co.,Ltd"
600350.SS,000001.SS,Shandong Hi-speed Company Limited
600467.SS,000001.SS,Shandong Homey Aquatic Development Co Ltd
600426.SS,000001.SS,Shandong Hualu-Hengsheng Chemical Co Ltd
603021.SS,000001.SS,"SHANDONG HUAPENG GLASS CO.,LTD."
600308.SS,000001.SS,Shandong Huatai Paper Co Ltd
603536.SS,000001.SS,"Shandong Huifa Foodstuff Co.,Ltd."
600022.SS,000001.SS,SHANDONG IRON AND STEEL COMPANY LTD
600212.SS,000001.SS,Shandong Jiangquan Industry Co Ltd
600586.SS,000001.SS,Shandong Jinjing Science & Technology Stock Co Ltd
600385.SS,000001.SS,Shandong Jintai Group Co Ltd
601966.SS,000001.SS,"Shandong Linglong Tyre Co., Ltd."
600727.SS,000001.SS,Shandong Lubei Chemical Co Ltd
600789.SS,000001.SS,Shandong Lukang Pharmaceutical Co Ltd
600219.SS,000001.SS,"Shandong Nanshan Aluminium Co., Ltd."
600529.SS,000001.SS,Shandong Pharmaceutical Glass Co Ltd
601019.SS,000001.SS,"Shandong Publishing&Media Co.,Ltd"
603026.SS,000001.SS,"SHANDONG SHIDA SHENGHUA CHEMICAL GROUP CO.,LTD"
603029.SS,000001.SS,"ShanDong Swan Cotton Industrial Machinery Stock Co., Ltd."
600807.SS,000001.SS,"Shandong Tyan Home Co.,Ltd"
603217.SS,000001.SS,"Shandong Yuanli Science and Technology Co.,Ltd."
600843.SS,000001.SS,"Shang Gong Group Co.,Ltd."
900924.SS,000001.SS,"Shang Gong Group Co.,Ltd."
603329.SS,000001.SS,"SHANGHAI ACE INVESTMENT&DEVELOPMENT CO.,LTD"
600151.SS,000001.SS,Shanghai Aerospace Automobile Electromechanical Co Ltd
600732.SS,000001.SS,"Shanghai Aiko Solar Energy Co., Ltd."
603214.SS,000001.SS,"Shanghai Aiyingshi Co., Ltd"
600643.SS,000001.SS,"SHANGHAI AJ GROUP CO.,LTD."
603881.SS,000001.SS,"Shanghai AtHub Co., Ltd."
600827.SS,000001.SS,"Shanghai Bailian Group Co.,Ltd."
900923.SS,000001.SS,"Shanghai Bailian Group Co.,Ltd."
603197.SS,000001.SS,Shanghai Baolong Automotive Corporation
600845.SS,000001.SS,Shanghai Baosight Software Co Ltd
900926.SS,000001.SS,Shanghai Baosight Software Co Ltd
601968.SS,000001.SS,SHANGHAI BAOSTEEL PACKAGING COMPANY LTD.
603009.SS,000001.SS,"SHANGHAI BEITE TECHNOLOGY CO.,LTD."
600171.SS,000001.SS,Shanghai Belling Corp Ltd
600608.SS,000001.SS,"Shanghai Broadband Technology Co.,Ltd"
603037.SS,000001.SS,"Shanghai Carthane Co.,Ltd."
603887.SS,000001.SS,Shanghai Chengdi Construction Corporation LTD
600649.SS,000001.SS,"Shanghai Chengtou Holding Co., Ltd."
600621.SS,000001.SS,"SHANGHAI CHINAFORTUNE CO., LTD"
600618.SS,000001.SS,Shanghai Chlor-Alkali Chemical Co Ltd
900908.SS,000001.SS,Shanghai Chlor-Alkali Chemical Co Ltd
603012.SS,000001.SS,"Shanghai Chuangli Group CO.,LTD."
600170.SS,000001.SS,Shanghai Construction Co Ltd
603730.SS,000001.SS,"SHANGHAI DAIMAY AUTOMOTIVE INTERIOR CO., LTD."
600508.SS,000001.SS,Shanghai Datun Energy Resources Co Ltd
600635.SS,000001.SS,Shanghai Dazhong Public Utilities (Group) Co Ltd
600841.SS,000001.SS,Shanghai Diesel Engine Co Ltd
900920.SS,000001.SS,Shanghai Diesel Engine Co Ltd
600630.SS,000001.SS,Shanghai Dragon Corporation
600850.SS,000001.SS,Shanghai East-China Computer Co Ltd
601727.SS,000001.SS,Shanghai Electric Group Co Ltd
600021.SS,000001.SS,Shanghai Electric Power Co Ltd
603200.SS,000001.SS,"Shanghai Emperor Of Cleaning Hi-Tech Co., LTD."
601200.SS,000001.SS,"Shanghai Environment Group Co., Ltd."
600615.SS,000001.SS,Shanghai Fenghwa Group Co Ltd
603466.SS,000001.SS,"Shanghai Fengyuzhu Exhibition Co., Ltd."
601595.SS,000001.SS,SHANGHAI FILM CO.LTD
603868.SS,000001.SS,"Shanghai Flyco Electrical Appliance Co., Ltd."
600196.SS,000001.SS,Shanghai Fosun Pharmaceutical (Group) Co Ltd
600624.SS,000001.SS,Shanghai Fudan Forward Science And Technology Co Ltd
600634.SS,000001.SS,"Shanghai Fukong Interactive Entertainment CO.,Ltd"
603918.SS,000001.SS,"Shanghai Golden Bridge InfoTech Co., Ltd."
601519.SS,000001.SS,Shanghai Great Wisdom Co Ltd
600695.SS,000001.SS,"Shanghai Greencourt Investment Group Co., Ltd."
900919.SS,000001.SS,"Shanghai Greencourt Investment Group Co., Ltd."
601616.SS,000001.SS,Shanghai Guangdian Electric Group Co Ltd
600696.SS,000001.SS,"Shanghai Guijiu Co., Ltd"
600851.SS,000001.SS,Shanghai Haixin Group Co Ltd
900917.SS,000001.SS,Shanghai Haixin Group Co Ltd
600619.SS,000001.SS,Shanghai Highly (Group) Co Ltd
900910.SS,000001.SS,Shanghai Highly (Group) Co Ltd
603718.SS,000001.SS,"SHANGHAI HILE BIO-TECHNOLOGY CO., LTD."
600532.SS,000001.SS,"SHANGHAI HONGDA MINING CO., LTD."
600623.SS,000001.SS,Shanghai Huayi Group Corporation Limited
900909.SS,000001.SS,Shanghai Huayi Group Corporation Limited
603131.SS,000001.SS,"SHANGHAI HUGONG ELECTRIC GROUP CO.,LTD"
603192.SS,000001.SS,"Shanghai Huide Science & Technology Co.,Ltd"
900939.SS,000001.SS,Shanghai Huili Building Materials Co Ltd
600605.SS,000001.SS,"Shanghai Huitong Energy Co.,Ltd"
600748.SS,000001.SS,Shanghai Industrial Development Co Ltd
600009.SS,000001.SS,Shanghai International Airport Co Ltd
600018.SS,000001.SS,Shanghai International Port (Group) Co Ltd
600315.SS,000001.SS,Shanghai Jahwa United Co Ltd
600676.SS,000001.SS,"SHANGHAI JIAO YUN GROUP CO., LTD."
600530.SS,000001.SS,Shanghai Jiaoda Onlly Co Ltd
600836.SS,000001.SS,Shanghai Jielong Industry Corp Ltd
600754.SS,000001.SS,"Shanghai Jin Jiang International Hotels Co.,Ltd."
900934.SS,000001.SS,"Shanghai Jin Jiang International Hotels Co.,Ltd."
600650.SS,000001.SS,Shanghai Jin Jiang International Industrial Investment Co Ltd
900914.SS,000001.SS,Shanghai Jin Jiang International Industrial Investment Co Ltd
600616.SS,000001.SS,Shanghai Jinfeng Wine Co Ltd
900929.SS,000001.SS,Shanghai Jinjiang International Travel Co Ltd
600639.SS,000001.SS,Shanghai Jinqiao Export Processing Zone Development Co Ltd
900911.SS,000001.SS,Shanghai Jinqiao Export Processing Zone Development Co Ltd
600838.SS,000001.SS,Shanghai Join Buy Co Ltd
600097.SS,000001.SS,"Shanghai Kaichuang Marine International Co.,Ltd"
600272.SS,000001.SS,Shanghai Kaikai Industrial Co Ltd
900943.SS,000001.SS,Shanghai Kaikai Industrial Co Ltd
603960.SS,000001.SS,"Shanghai Kelai Mechatronics Engineering Co.,Ltd"
603987.SS,000001.SS,"Shanghai Kindly Enterprise Development Group Co.,LTD."
603232.SS,000001.SS,"Shanghai Koal Software Co., Ltd."
603157.SS,000001.SS,"Shanghai La Chapelle Fashion Co., Ltd."
603633.SS,000001.SS,"Shanghai Laimu Electronics Co.,Ltd"
603777.SS,000001.SS,"SHANGHAI LAIYIFEN CO., LTD."
600826.SS,000001.SS,Shanghai Lansheng Corp
603006.SS,000001.SS,"Shanghai Lianming Machinery Co., Ltd."
600848.SS,000001.SS,Shanghai Lingang Holdings Corporation Limited
900928.SS,000001.SS,Shanghai Lingang Holdings Corporation Limited
900957.SS,000001.SS,"Shanghai Lingyun Industries Development Co.,Ltd."
603729.SS,000001.SS,"Shanghai LongYun Media Group Co., Ltd."
603003.SS,000001.SS,"SHANGHAI LONYER FUELS CO.,LTD."
600663.SS,000001.SS,Shanghai Lujiazui Finance and Trade Zone Development Co Ltd
900932.SS,000001.SS,Shanghai Lujiazui Finance and Trade Zone Development Co Ltd
603899.SS,000001.SS,SHANGHAI M&G STATIONERY INC.
600073.SS,000001.SS,Shanghai Maling Aquarius Co Ltd
600822.SS,000001.SS,Shanghai Material Trading Co Ltd
900927.SS,000001.SS,Shanghai Material Trading Co Ltd
600835.SS,000001.SS,Shanghai Mechanical & Electrical Industry Co Ltd
900925.SS,000001.SS,Shanghai Mechanical & Electrical Industry Co Ltd
600882.SS,000001.SS,"Shanghai Milkground Food Tech Co., Ltd."
603728.SS,000001.SS,"Shanghai Moons' Electric Co., Ltd."
600638.SS,000001.SS,Shanghai New Huang Pu Real Estate Co Ltd
600628.SS,000001.SS,Shanghai New World Co Ltd
600833.SS,000001.SS,Shanghai No.1 Pharmacy Co Ltd
600637.SS,000001.SS,"Shanghai Oriental Pearl Media Co., Ltd."
603991.SS,000001.SS,"Shanghai Originaldow Advanced Compounds Co., Ltd."
601607.SS,000001.SS,"Shanghai Pharmaceuticals Holding Co.,Ltd"
600679.SS,000001.SS,"SHANGHAI PHOENIX ENTERPRISE (GROUP) CO., LTD"
900916.SS,000001.SS,"SHANGHAI PHOENIX ENTERPRISE (GROUP) CO., LTD"
600193.SS,000001.SS,"Shanghai Prosolar Resources Development Co.,Ltd"
600000.SS,000001.SS,Shanghai Pudong Development Bank Co Ltd
600284.SS,000001.SS,Shanghai Pudong Road & Bridge Construction Co Ltd
603659.SS,000001.SS,"Shanghai Putailai New Energy Technology Co., Ltd."
600662.SS,000001.SS,Shanghai Qiangsheng Holding Co Ltd
603579.SS,000001.SS,Shanghai Rongtai Health Technology Corporation Limited.
603108.SS,000001.SS,"Shanghai Runda Medical Technology Co., Ltd."
600689.SS,000001.SS,Shanghai Sanmao Enterprise (Group) Co Ltd
900922.SS,000001.SS,Shanghai Sanmao Enterprise (Group) Co Ltd
600626.SS,000001.SS,Shanghai Shenda Co Ltd
600653.SS,000001.SS,Shanghai Shenhua Holdings Co Ltd
600613.SS,000001.SS,"Shanghai Shenqi Pharmaceutical Investment Management Co., Ltd."
900904.SS,000001.SS,"Shanghai Shenqi Pharmaceutical Investment Management Co., Ltd."
600834.SS,000001.SS,Shanghai Shentong Metro Co Ltd
600823.SS,000001.SS,Shanghai Shi Mao Co Ltd
600604.SS,000001.SS,"Shanghai Shibei Hi-Tech Co.,Ltd."
900902.SS,000001.SS,"Shanghai Shibei Hi-Tech Co.,Ltd."
603648.SS,000001.SS,"Shanghai Shine-Link International Logistics Co., Ltd."
603365.SS,000001.SS,"Shanghai Shuixing Home Textile Co., Ltd."
600420.SS,000001.SS,"Shanghai Shyndec Pharmaceutical Co., Ltd."
603121.SS,000001.SS,"Shanghai Sinotec Co., Ltd."
603683.SS,000001.SS,"SHANGHAI SMITH ADHESIVE NEW MATERIAL CO., LTD"
603499.SS,000001.SS,"Shanghai Sunglow Packaging Technology Co., Ltd"
600620.SS,000001.SS,Shanghai Tianchen Co Ltd
603330.SS,000001.SS,"Shanghai Tianyang Hot Melt Adhesives Co.,Ltd."
603895.SS,000001.SS,"Shanghai Tianyong Engineering Co., Ltd."
600647.SS,000001.SS,Shanghai Tongda Venture Capital Co Ltd
600846.SS,000001.SS,Shanghai Tongji Science & Technology Industrial Co Ltd
603030.SS,000001.SS,"Shanghai Trendzone Construction Decoration Group Co.,Ltd."
600820.SS,000001.SS,Shanghai Tunnel Engineering Co Ltd
600652.SS,000001.SS,"SHANGHAI U9 GAME CO., LTD."
600648.SS,000001.SS,"SHANGHAI WAIGAOQIAO FREE TRADE ZONE GROUP CO., LTD."
900912.SS,000001.SS,"SHANGHAI WAIGAOQIAO FREE TRADE ZONE GROUP CO., LTD."
600641.SS,000001.SS,Shanghai Wanye Enterprises Co Ltd
603039.SS,000001.SS,"Shanghai Weaver Network Co., Ltd."
603189.SS,000001.SS,SHANGHAI WONDERTEK SOFTWARE CORPORATION LTD.
600825.SS,000001.SS,Shanghai Xinhua Media Co Ltd
600661.SS,000001.SS,"SHANGHAI XINNANYANG ONLY EDUCATION & TECHNOLOGY CO., LTD"
603022.SS,000001.SS,"Shanghai Xintonglian Packaging Co., Ltd."
600692.SS,000001.SS,Shanghai Ya Tong Co Ltd
603159.SS,000001.SS,"Shanghai Yahong Moulding Co.,Ltd"
600824.SS,000001.SS,"Shanghai Yimin Commercial Group Co.,Ltd."
603681.SS,000001.SS,"Shanghai Yongguan Adhesive Products Corp., Ltd."
600655.SS,000001.SS,"SHANGHAI YUYUAN TOURIST MART (GROUP) CO., LTD."
600895.SS,000001.SS,Shanghai Zhangjiang Hi-tech Park Development Co Ltd
600320.SS,000001.SS,"Shanghai Zhenhua Heavy Industries Co.,Ltd"
900947.SS,000001.SS,"Shanghai Zhenhua Heavy Industries Co.,Ltd"
600517.SS,000001.SS,Shanghai Zhixin Electric Co Ltd
600210.SS,000001.SS,Shanghai Zijiang Enterprise Group Co Ltd
600146.SS,000001.SS,"Shangying Global Co., Ltd."
601515.SS,000001.SS,"SHANTOU DONGFENG PRINTING CO.,LTD."
600408.SS,000001.SS,Shanxi Antai Group Co Ltd
600546.SS,000001.SS,"Shanxi Coal International Energy Group Co., Ltd"
600740.SS,000001.SS,Shanxi Coking Co Ltd
600617.SS,000001.SS,SHANXI GUOXIN ENERGY CORPORATION LIMITED
900913.SS,000001.SS,SHANXI GUOXIN ENERGY CORPORATION LIMITED
601015.SS,000001.SS,"Shanxi Heimao Coking Co., Ltd."
600123.SS,000001.SS,Shanxi Lanhua Science-Tech Venture Co Ltd
601699.SS,000001.SS,Shanxi Lu'an Environmental Energy Development Co Ltd
600809.SS,000001.SS,Shanxi Xinghuacun Fen Wine Factory Co Ltd
600702.SS,000001.SS,"Shede Spirits Co., Ltd"
600810.SS,000001.SS,Shen Ma Industry Co Ltd
600642.SS,000001.SS,Shenergy Co Ltd
600392.SS,000001.SS,"Shenghe Resources Holding Co.,Ltd."
600183.SS,000001.SS,"Shengyi Technology Co.,Ltd."
600306.SS,000001.SS,Shenyang Commercial City Co Ltd
600609.SS,000001.SS,Shenyang Jinbei Automotive Co Ltd
600396.SS,000001.SS,Shenyang Jinshan Energy Co Ltd
603808.SS,000001.SS,"SHENZHEN ELLASSAY FASHION CO., LTD."
600548.SS,000001.SS,Shenzhen Expressway Co Ltd
601139.SS,000001.SS,Shenzhen Gas Co Ltd
603118.SS,000001.SS,"Shenzhen Gongjin Electronics Co.,Ltd."
600162.SS,000001.SS,"Shenzhen Heungkong Holding Co.,Ltd"
603063.SS,000001.SS,"Shenzhen Hopewind Electric Co., Ltd."
603160.SS,000001.SS,"Shenzhen Huiding Technology Co., Ltd."
600462.SS,000001.SS,"Shenzhen Jiuyou Co., Ltd."
600446.SS,000001.SS,Shenzhen Kingdom Technology Co Ltd
603228.SS,000001.SS,"Shenzhen Kinwong Electronic Co.,Ltd."
603978.SS,000001.SS,"SHENZHENSUNXINGLIGHTALLOYSMATERIALSCO.,LTD."
603050.SS,000001.SS,"ShiJiaZhuang Kelin Electric Co., Ltd."
600587.SS,000001.SS,"Shinva Medical Instrument Co.,Ltd."
600481.SS,000001.SS,"Shuangliang Eco-Energy Systems Co.,Ltd"
600839.SS,000001.SS,Sichuan Changhong Electric Co Ltd
600674.SS,000001.SS,Sichuan Chuantou Energy Co Ltd
601208.SS,000001.SS,Sichuan EM Technology Co Ltd
601107.SS,000001.SS,Sichuan Expressway Co Ltd
600678.SS,000001.SS,Sichuan Golden Summit (Group) Joint-Stock Co Ltd
600979.SS,000001.SS,Sichuan Guangan AAA Public Co Ltd
603077.SS,000001.SS,"Sichuan Hebang Biotechnology Co.,Ltd."
600331.SS,000001.SS,Sichuan Hongda Co Ltd
603679.SS,000001.SS,"SICHUAN HUATI LIGHTING TECHNOLOGY CO.,LTD."
600137.SS,000001.SS,Sichuan Langsha Holding Ltd
600466.SS,000001.SS,"SICHUAN LANGUANG DEVELOPMENT CO., LTD."
600101.SS,000001.SS,Sichuan Mingxing Electric Power Co Ltd
600131.SS,000001.SS,Sichuan Minjiang Hydropower Co Ltd
600039.SS,000001.SS,Sichuan Road&Bridge Co Ltd
600779.SS,000001.SS,"Sichuan Swellfun Co., Ltd."
603317.SS,000001.SS,"Sichuan Teway Food Group Co.,Ltd"
600139.SS,000001.SS,"Sichuan Western Resources Holding Co., Ltd"
600505.SS,000001.SS,"Sichuan Xichang Electric Power Co.,Ltd."
603477.SS,000001.SS,Sichuan Zhenjing Corporation Limited
603327.SS,000001.SS,"SichuanFurong Technology Co., Ltd."
600858.SS,000001.SS,"Silver Plaza Group Co.,Ltd"
603969.SS,000001.SS,"SILVERY DRAGON PRESTRESSED MATERIALS CO., LTD. TIANJIN"
603970.SS,000001.SS,"SINO-AGRI LEADING BIOSCIENCES CO.,LTD."
600500.SS,000001.SS,Sinochem International Corp
600109.SS,000001.SS,Sinolink Securities Co. Ltd.
603126.SS,000001.SS,Sinoma Energy Conservation Ltd
600970.SS,000001.SS,Sinoma International Engineering Co Ltd
600335.SS,000001.SS,Sinomach Automobile Co Ltd
600444.SS,000001.SS,"Sinomach General Machinery Science & Technology Co., Ltd."
600871.SS,000001.SS,Sinopec Oilfield Service Corporation
600688.SS,000001.SS,Sinopec Shanghai Petrochemical Co Ltd
600459.SS,000001.SS,Sino-Platinum Metals Co Ltd
603927.SS,000001.SS,"Sinosoft Co.,Ltd"
601598.SS,000001.SS,Sinotrans Limited
601558.SS,000001.SS,Sinovel Wind Group Co Ltd
603737.SS,000001.SS,"SKSHU Paint Co., Ltd."
603916.SS,000001.SS,"SOBUTE NEW MATERIALS CO., LTD"
603366.SS,000001.SS,"Solareast Holdings Co., Ltd."
601555.SS,000001.SS,Soochow Securities Co Ltd
601900.SS,000001.SS,Southern Publishing and Media Company Limited
600369.SS,000001.SS,Southwest Securities Co Ltd
600292.SS,000001.SS,"Spic Yuanda Environmental-Protection Co.,Ltd."
601021.SS,000001.SS,"Spring Airlines Co., Ltd."
603339.SS,000001.SS,"Square Technology Group Co., Ltd."
600866.SS,000001.SS,Star Lake Bioscience Co Inc Zhao Qing Guangdong
603585.SS,000001.SS,"Suli Co., Ltd."
600710.SS,000001.SS,SUMEC CORPORATION LIMITED
600077.SS,000001.SS,"Sundy Land Investment Co., Ltd"
600830.SS,000001.SS,Sunny Loan Top Co Ltd
603612.SS,000001.SS,"Sunstone Development Co., Ltd."
603333.SS,000001.SS,"Sunway Co., Ltd."
600571.SS,000001.SS,"Sunyard System Engineering Co.,Ltd."
603890.SS,000001.SS,"Suzhou Chunqiu Electronic Technology Co., Ltd"
603800.SS,000001.SS,"SUZHOU DOUSON DRILLING & PRODUCTION EQUIPMENT CO., LTD."
603380.SS,000001.SS,"Suzhou Etron Technologies Co.,Ltd"
603183.SS,000001.SS,"Suzhou Institute of Building Science Group Co.,Ltd"
603922.SS,000001.SS,"Suzhou Jin Hong Shun Auto Parts Co., Ltd."
603660.SS,000001.SS,"Suzhou Keda Technology Co.,Ltd"
603828.SS,000001.SS,"SUZHOU KELIDA BUILDING&DECORATION CO., LTD"
603332.SS,000001.SS,"Suzhou Longjie Special Fiber Co., Ltd."
603990.SS,000001.SS,"Suzhou MedicalSystem Technology Co., Ltd."
600736.SS,000001.SS,Suzhou New District Hi-Tech Industrial Co Ltd
603283.SS,000001.SS,"Suzhou Secote Precision Electronic Co.,LTD"
603928.SS,000001.SS,"Suzhou Xingye Materials Technology Co.,Ltd."
600819.SS,000001.SS,SYP Glass Group Co Ltd
900918.SS,000001.SS,SYP Glass Group Co Ltd
600281.SS,000001.SS,Taiyuan Chemical Industry Co Ltd
600169.SS,000001.SS,Taiyuan Heavy Industry Co Ltd
600539.SS,000001.SS,Taiyuan Lion-head Cement Co Ltd
600665.SS,000001.SS,Tande Co Ltd
601000.SS,000001.SS,Tangshan Port Group Co Ltd
600409.SS,000001.SS,Tangshan Sanyou Chemical Industries Co Ltd
603938.SS,000001.SS,"Tangshan Sunfar Silicon Industries Co., Ltd."
603133.SS,000001.SS,"TANYUAN TECHNOLOGY CO., LTD."
600535.SS,000001.SS,"TASLY PHARMACEUTICAL GROUP CO.,LTD"
600089.SS,000001.SS,TBEA Co Ltd
600330.SS,000001.SS,TDG Holding Co Ltd
603289.SS,000001.SS,"Tederic Machinery Co., LTD"
600590.SS,000001.SS,Tellhow Sci-Tech Co Ltd
600512.SS,000001.SS,Tengda Construction Group Co Ltd
601099.SS,000001.SS,The Pacific Securities Co.Ltd
601319.SS,000001.SS,The People's Insurance Company (Group) of China Limited
603096.SS,000001.SS,Thinkingdom Media Group Ltd.
600582.SS,000001.SS,Tiandi Science & Technology Co Ltd
601162.SS,000001.SS,"TIANFENG SECURITIES CO., LTD."
603712.SS,000001.SS,"Tianjin 712 Communication & Broadcasting Co.,Ltd"
600468.SS,000001.SS,Tianjin Benefo Tejing Electric Co Ltd
600874.SS,000001.SS,Tianjin Capital Environmental Protection Group Co Ltd
600800.SS,000001.SS,Tianjin Global Magnetic Card Co Ltd
600082.SS,000001.SS,Tianjin Hi-Tech Development Co Ltd
600717.SS,000001.SS,Tianjin Port Co Ltd
600821.SS,000001.SS,"Tianjin Quanyechang (Group) Co.,Ltd."
600322.SS,000001.SS,Tianjin Reality Development (Group) Co Ltd
600225.SS,000001.SS,Tianjin Songjiang Co Ltd
600488.SS,000001.SS,Tianjin Tianyao Pharmaceutical Co Ltd
600329.SS,000001.SS,Tianjin Zhongxin Pharmaceutical Group Corporation Ltd
603717.SS,000001.SS,"Tianyu Ecology & Landscape Co.,Ltd."
601020.SS,000001.SS,"Tibet Huayu Mining Co., Ltd."
600211.SS,000001.SS,Tibet Rhodiola Pharmaceutical Holding Co
600749.SS,000001.SS,Tibet Shengdi Co Ltd
600338.SS,000001.SS,Tibet Summit Industry Co Ltd
600326.SS,000001.SS,"Tibet Tianlu Co., Ltd."
600773.SS,000001.SS,Tibet Urban Development and Investment Co Ltd
603676.SS,000001.SS,"Tibet Weixinkang Medicine Co., Ltd"
600551.SS,000001.SS,"Time Publishing and Media Co., Ltd."
603866.SS,000001.SS,"Toly Bread Co., Ltd."
600867.SS,000001.SS,"Tonghua Dongbao Pharmaceutical Co.,Ltd."
600365.SS,000001.SS,Tonghua Grape Wine Co Ltd
601233.SS,000001.SS,Tongkun Group Co Ltd
600577.SS,000001.SS,Tongling Jingda Special Magnet Wire Co Ltd
600438.SS,000001.SS,Tongwei Co Ltd
600780.SS,000001.SS,Top Energy Co Ltd Shanxi
603608.SS,000001.SS,"TOP SCORE FASHION CO.,LTD."
600763.SS,000001.SS,TOPCHOICE MEDICAL CORPORATION
600771.SS,000001.SS,Topsun Science And Technology Co Ltd
601163.SS,000001.SS,"TRIANGLE TYRE CO., LTD."
600552.SS,000001.SS,"TRIUMPH SCIENCE & TECHNOLOGY CO., LTD"
600100.SS,000001.SS,Tsinghua Tongfang Co Ltd
600600.SS,000001.SS,Tsingtao Brewery Co Ltd
603721.SS,000001.SS,"TVZone Media Co., Ltd."
603600.SS,000001.SS,"UE Furniture Co., Ltd."
601231.SS,000001.SS,"Universal Scientific Industrial (Shanghai) Co.,Ltd."
600300.SS,000001.SS,"V V Food & Beverage Co.,Ltd."
600152.SS,000001.SS,"Veken Technology Co.,Ltd."
603226.SS,000001.SS,"Vohringer Home Technology Co., Ltd."
600859.SS,000001.SS,"Wangfujing Group Co., Ltd."
600309.SS,000001.SS,"Wanhua Chemical Group Co., Ltd."
600371.SS,000001.SS,"Wanxiang Doneed Co.,Ltd."
603855.SS,000001.SS,Warom Technology Incorporated Company
603779.SS,000001.SS,"Wei Long Grape Wine Co., Ltd"
600319.SS,000001.SS,Weifang Yaxing Chemical Co Ltd
603309.SS,000001.SS,"WELL LEAD MEDICAL CO., LTD."
601010.SS,000001.SS,Wenfeng Great World Chain Development Corporation
600520.SS,000001.SS,"Wenyi Suntech Co., Ltd."
601168.SS,000001.SS,Western Mining Co Ltd
601069.SS,000001.SS,"Western Region Gold Co., Ltd."
603773.SS,000001.SS,"WG Tech (JiangXi) Co., LTD."
600983.SS,000001.SS,"Whirlpool China Co.,Ltd"
603501.SS,000001.SS,"Will Semiconductor CO.,Ltd. Shanghai"
600745.SS,000001.SS,"Wingtech Technology Co.,Ltd."
600767.SS,000001.SS,"Winsan (Shanghai) Medical Science and Technology Co.,Ltd."
600157.SS,000001.SS,Wintime Energy Co Ltd
600580.SS,000001.SS,"Wolong Electric Group Co.,Ltd"
600173.SS,000001.SS,"Wolong Real Estate Group Co.,Ltd."
603956.SS,000001.SS,"WPG (Shanghai) Smart Water Public Co.,Ltd"
600136.SS,000001.SS,"WUHAN DDMC CULTURE & SPORTS CO.,LTD."
600133.SS,000001.SS,Wuhan East Lake High Technology Group Co Ltd
600774.SS,000001.SS,Wuhan Hanshang (Group) Co Ltd
600168.SS,000001.SS,Wuhan Sanzhen Industry Holding Co Ltd
603716.SS,000001.SS,Wuhan Thalys Medical Technology Inc.
600769.SS,000001.SS,Wuhan Xianglong Power Industry Co Ltd
600345.SS,000001.SS,Wuhan Yangtze Communication Industry Group Co Ltd
603722.SS,000001.SS,"Wuxi Acryl Technology Co.,Ltd."
603259.SS,000001.SS,"WuXi AppTec Co., Ltd."
600327.SS,000001.SS,Wuxi Commercial Mansion Grand Orient Co Ltd
603090.SS,000001.SS,"Wuxi Hongsheng Heat Exchanger Manufacturing Co., Ltd."
600475.SS,000001.SS,Wuxi Huaguang Boiler Co Ltd
603016.SS,000001.SS,"Wuxi New Hongtai Electrical Technology Co.,Ltd"
600908.SS,000001.SS,"Wuxi Rural Commercial Bank Co., Ltd."
603185.SS,000001.SS,"Wuxi Shangji Automation Co., Ltd."
600667.SS,000001.SS,Wuxi Taiji Industrial Co Ltd
603416.SS,000001.SS,"WuXi Xinje Electric Co.,Ltd."
600706.SS,000001.SS,"XI' AN QUJIANG CULTURAL TOURISM CO., LTD."
600153.SS,000001.SS,Xiamen C&D Inc
600563.SS,000001.SS,"Xiamen Faratronic Co.,Ltd."
603180.SS,000001.SS,"XIAMEN GOLDENHOME CO.,LTD."
600897.SS,000001.SS,Xiamen International Airport Co Ltd
600755.SS,000001.SS,Xiamen International Trade Group Corp Ltd
600686.SS,000001.SS,"Xiamen King Long Motor Group Co.,Ltd."
600870.SS,000001.SS,Xiamen Overseas Chinese Electronic Co Ltd
603992.SS,000001.SS,"XIAMEN SOLEX HIGH TECH INDUSTRIES CO., LTD."
600549.SS,000001.SS,Xiamen Tungsten Co Ltd
600815.SS,000001.SS,Xiamen XGMA Machinery Company Limited.
600057.SS,000001.SS,"Xiamen Xiangyu Co., Ltd."
600817.SS,000001.SS,Xi'an Hongsheng Technology Co Ltd
601369.SS,000001.SS,Xi'an Shaangu Power Co Ltd
600302.SS,000001.SS,Xian Typical Industries Co Ltd
603711.SS,000001.SS,"Xiangpiaopiao Food Co., Ltd."
600416.SS,000001.SS,Xiangtan Electric Manufacturing Co Ltd
603733.SS,000001.SS,"Xianhe Co., Ltd."
603008.SS,000001.SS,"Xilinmen Furniture Co., Ltd."
600506.SS,000001.SS,Xin Jiang Korla Pear Co Ltd
600090.SS,000001.SS,"XIN JIANG READY HEALTH INDUSTRY Co.,Ltd."
600777.SS,000001.SS,XINCHAO ENERGY Corporation Limited
603225.SS,000001.SS,"Xinfengming Group Co.,Ltd."
603789.SS,000001.SS,"Xingguang Agricultural Machinery Co., Ltd."
600208.SS,000001.SS,Xinhu Zhongbao Co Ltd
601811.SS,000001.SS,"Xinhua Winshare Publishing and Media Co., Ltd."
603888.SS,000001.SS,"XINHUANETCO.,LTD."
600117.SS,000001.SS,Xining Special Steel Co Ltd
600581.SS,000001.SS,Xinjiang Ba Yi Iron & Steel Co Ltd
600721.SS,000001.SS,Xinjiang Baihuacun Co Ltd
603706.SS,000001.SS,"XINJIANG EAST UNIVERSE (GROUP) GAS CO., LTD."
600251.SS,000001.SS,"Xinjiang Guannong Fruit & Antler Group Co., Ltd."
600888.SS,000001.SS,Xinjiang Joinworld Co Ltd
600425.SS,000001.SS,Xinjiang Qingsong Building Materials And Chemicals (Group) Co Ltd
600540.SS,000001.SS,Xinjiang Sayram Modern Agriculture Co Ltd
600359.SS,000001.SS,Xinjiang Talimu Agriculture Development Co Ltd
600509.SS,000001.SS,"Xinjiang Tianfu Energy Co., Ltd."
600419.SS,000001.SS,"Xinjiang Tianrun Dairy Co., Ltd."
600075.SS,000001.SS,Xinjiang Tianye Co Ltd
603080.SS,000001.SS,"Xinjiang Torch Gas Co., Ltd."
603101.SS,000001.SS,"Xinjiang Winka Times Department Store Co.,Ltd."
603393.SS,000001.SS,"Xinjiang Xintai Natural Gas Co.,Ltd."
603227.SS,000001.SS,"Xinjiang XuefengSci-Tech (Group) Co., Ltd"
600197.SS,000001.SS,Xinjiang Yilite Industry Co Ltd
600145.SS,000001.SS,"Xinjiang Yilu Wanyuan Industrial Investment Holding Co., Ltd."
600778.SS,000001.SS,"Xinjiang Youhao(Group)Co.,Ltd"
600782.SS,000001.SS,"Xinyu Iron & Steel Co.,Ltd."
600291.SS,000001.SS,Xishui Strong Year Co Ltd Inner Mongolia
603356.SS,000001.SS,"Xuancheng Valin Precision Technology Co., Ltd."
600119.SS,000001.SS,Y.U.D. Yangtze River Investment Industry Co Ltd
600351.SS,000001.SS,"Yabao Pharmaceutical Group Co.,Ltd"
600348.SS,000001.SS,"Yang Quan Coal Industry (Group) Co., Ltd"
600691.SS,000001.SS,"Yangmei Chemical Co.,Ltd"
601869.SS,000001.SS,Yangtze Optical Fibre and Cable Joint Stock Limited Company
600213.SS,000001.SS,"Yangzhou Asiastar Bus Co.,Ltd."
603638.SS,000001.SS,"Yantai Eddie Precision Machinery Co., Ltd."
600766.SS,000001.SS,"Yantai Yuancheng Gold Co.,Ltd."
600188.SS,000001.SS,Yanzhou Coal Mining Co Ltd
603013.SS,000001.SS,"YAPP Automotive Systems Co., Ltd."
601388.SS,000001.SS,Yechiu Metal Recycling (China) Ltd.
600793.SS,000001.SS,Yibin Paper Industry Co Ltd
603939.SS,000001.SS,"Yifeng Pharmacy Chain Co., Ltd."
600978.SS,000001.SS,"Yihua Lifestyle Technology Co., Ltd."
603666.SS,000001.SS,"YIJIAHE TECHNOLOGY CO., LTD."
600785.SS,000001.SS,"Yinchuan Xinhua Commercial (Group) Co.,Ltd."
603277.SS,000001.SS,"YINDU KITCHEN EQUIPMENT CO., LTD."
603396.SS,000001.SS,"YINGKOU JINCHEN MACHINERY CO., LTD."
600317.SS,000001.SS,Yingkou Port Liability Co Ltd
601113.SS,000001.SS,Yiwu Huading Nylon Co Ltd
601933.SS,000001.SS,Yonghui Superstores Co Ltd
603058.SS,000001.SS,"Yongji Printing Co., Ltd."
603879.SS,000001.SS,"YONGYUE SCIENCE&TECHNOLOGY CO.,LTD"
600588.SS,000001.SS,"Yonyou Network Technology Co., Ltd."
600177.SS,000001.SS,Youngor Group Co Ltd
603776.SS,000001.SS,"Youon Technology Co.,Ltd"
603697.SS,000001.SS,"YouYou Foods Co., Ltd."
600233.SS,000001.SS,"YTO Express Group Co.,Ltd."
600963.SS,000001.SS,Yueyang Forest & Paper Co Ltd
600883.SS,000001.SS,Yunnan Bowin Technology&Industry Co Ltd
600497.SS,000001.SS,Yunnan Chihong Zinc&Germanium Co Ltd
600792.SS,000001.SS,"Yunnan Coal & Energy Co.,Ltd"
600265.SS,000001.SS,Yunnan Jingu Forestry Co Ltd
600239.SS,000001.SS,"Yunnan Metropolitan Real Estate Development Co.,Ltd"
600995.SS,000001.SS,Yunnan Wenshan Electric Power Co Ltd
600096.SS,000001.SS,Yunnan Yuntianhua Co Ltd
600725.SS,000001.SS,Yunnan Yunwei Co Ltd
603801.SS,000001.SS,"Zbom Home Collection Co.,Ltd"
600794.SS,000001.SS,"Zhangjiagang Freetrade Science and Technology Co., Ltd"
600436.SS,000001.SS,Zhangzhou Pientzehuang Pharmaceutical Co Ltd
600633.SS,000001.SS,"Zhe Jiang Daily Digital Culture Group Co.,Ltd."
603055.SS,000001.SS,"ZHE JIANG TAIHUA NEW MATERIAL CO., LTD."
600596.SS,000001.SS,Zhe Jiang Xinan Chemical Industrial Group Co Ltd
603001.SS,000001.SS,"ZheJiang AoKang Shoes Co., Ltd."
603229.SS,000001.SS,"Zhejiang Ausun Pharmaceutical Co., Ltd."
603331.SS,000001.SS,Zhejiang Baida Precision Manufacturing Corp.
603685.SS,000001.SS,"Zhejiang Chenfeng Science and Technology Co., Ltd"
603811.SS,000001.SS,"Zhejiang Cheng Yi Pharmaceutical Co.,Ltd."
603316.SS,000001.SS,"Zhejiang Chengbang Landscape Co., Ltd"
600415.SS,000001.SS,Zhejiang China Commodities City Group Co Ltd
600790.SS,000001.SS,Zhejiang China Light & Textile Industrial City Group Co Ltd
601877.SS,000001.SS,Zhejiang Chint Electrics Co Ltd
600572.SS,000001.SS,Zhejiang Conba Pharmaceutical Co Ltd
603081.SS,000001.SS,"ZHEJIANG DAFENG INDUSTRIAL CO., LTD."
603757.SS,000001.SS,"Zhejiang Dayuan Pumps Industry Co., Ltd"
603701.SS,000001.SS,"Zhejiang Dehong Automotive Electronic & Electrical Co.,Ltd."
603320.SS,000001.SS,"ZHEJIANG DIBAY ELECTRIC CO.,LTD."
603338.SS,000001.SS,"Zhejiang Dingli Machinery Co.,Ltd."
600113.SS,000001.SS,Zhejiang Dongri Co Ltd
600526.SS,000001.SS,Zhejiang Feida Environmental Science & Technology Co Ltd
600070.SS,000001.SS,Zhejiang Furun Co Ltd
600232.SS,000001.SS,Zhejiang Golden Eagle Co Ltd
603311.SS,000001.SS,"Zhejiang Goldensea Environment Technology Co., Ltd"
603897.SS,000001.SS,"ZHEJIANG GRANDWALL ELECTRIC SCIENCE&TECHNOLOGY CO.,LTD."
603687.SS,000001.SS,"Zhejiang Great Shengda Packaging Co.,Ltd."
600052.SS,000001.SS,Zhejiang Guangsha Co Ltd
600059.SS,000001.SS,Zhejiang Guyuelongshan Shaoxing Wine Co Ltd
600987.SS,000001.SS,Zhejiang Hangmin Co Ltd
603661.SS,000001.SS,"Zhejiang Henglin Chair Industry CO., LTD."
600267.SS,000001.SS,Zhejiang Hisun Pharmaceutical Co Ltd
600521.SS,000001.SS,Zhejiang Huahai Pharmaceutical Co Ltd
603181.SS,000001.SS,"Zhejiang Huangma Technology CO., LTD."
603300.SS,000001.SS,"Zhejiang Huatie Emergency Equipment Science & Technology Co.,Ltd."
603799.SS,000001.SS,"ZHEJIANG HUAYOU COBALT CO., LTD."
603186.SS,000001.SS,"Zhejiang Huazheng New Material Co., Ltd."
600226.SS,000001.SS,"Zhejiang Huge Leaf Co., Ltd."
603558.SS,000001.SS,"Zhejiang Jasan Holding Group Co., Ltd."
603822.SS,000001.SS,"ZHEJIANG JIAAO ENPROTECH STOCK CO., LTD."
600273.SS,000001.SS,"Zhejiang Jiahua Energy Chemical Industry Co.,Ltd."
600668.SS,000001.SS,Zhejiang Jianfeng Group Co Ltd
603583.SS,000001.SS,"Zhejiang Jiecang Linear Motion Technology Co.,Ltd."
603980.SS,000001.SS,"ZheJiang JiHua Group Co.,Ltd"
603607.SS,000001.SS,"Zhejiang Jinghua Laser Technology Co.,Ltd"
603456.SS,000001.SS,"Zhejiang Jiuzhou Pharmaceutical Co., Ltd."
600160.SS,000001.SS,Zhejiang Ju Hua Co Ltd
603665.SS,000001.SS,"ZheJiang KangLongDa Special Protection Technology Co., Ltd."
603726.SS,000001.SS,"Zhejiang Langdi Group Co., Ltd."
600352.SS,000001.SS,Zhejiang Longsheng Group Co Ltd
600704.SS,000001.SS,Zhejiang Material Industrial Zhongda Yuantong Group Co Ltd
600216.SS,000001.SS,Zhejiang Medicine Co Ltd
603321.SS,000001.SS,"Zhejiang Meilun Elevator Co., Ltd."
603611.SS,000001.SS,"ZHEJIANG NOBLELIFT EQUIPMENT JOINT STOCK Co., Ltd"
600120.SS,000001.SS,Zhejiang Orient Holdings Co Ltd
600796.SS,000001.SS,Zhejiang Qianjiang Biochemical Co Ltd
603116.SS,000001.SS,"ZHEJIANG RED DRAGONFLY FOOTWEAR CO., LTD."
603165.SS,000001.SS,"Zhejiang Rongsheng Environmental Protection Paper Co.,LTD"
603379.SS,000001.SS,"Zhejiang Sanmei Chemical Industry Co., Ltd."
603033.SS,000001.SS,"Zhejiang Sanwei Rubber Item Co.,Ltd."
603168.SS,000001.SS,"Zhejiang Shapuaisi Pharmaceutical Co., Ltd."
603079.SS,000001.SS,"ZHEJIANG SHENGDA BIO-PHARM CO., LTD."
603703.SS,000001.SS,"Zhejiang Shengyang Science and Technology Co., Ltd."
603896.SS,000001.SS,"Zhejiang Shouxiangu Pharmaceutical Co., Ltd"
603520.SS,000001.SS,"Zhejiang Starry Pharmaceutical Co., Ltd."
603105.SS,000001.SS,"Zhejiang Sunoren Solar Technology Co.,Ltd."
600576.SS,000001.SS,"Zhejiang Sunriver Culture Co.,Ltd"
603578.SS,000001.SS,"Zhejiang Three Stars New Materials Co., Ltd."
603085.SS,000001.SS,"Zhejiang Tiancheng Controls Co., Ltd."
603500.SS,000001.SS,"Zhejiang Tiantai Xianghe Industrial Co., Ltd."
603926.SS,000001.SS,"ZHEJIANG TIELIU CLUTCH CO., LTD."
603595.SS,000001.SS,"Zhejiang Tony Electronic Co., Ltd"
603177.SS,000001.SS,"Zhejiang Tuna Environmental Science & Technology Co.,Ltd."
603010.SS,000001.SS,"Zhejiang Wansheng Co., Ltd"
603568.SS,000001.SS,"ZHEJIANG WEIMING ENVIRONMENT PROTECTION CO., LTD."
603667.SS,000001.SS,"Zhejiang XCC Group Co.,Ltd"
603239.SS,000001.SS,"Zhejiang Xiantong Rubber&Plastic Co.,Ltd."
603889.SS,000001.SS,Zhejiang Xinao Textiles Inc.
603867.SS,000001.SS,"Zhejiang Xinhua Chemical Co., Ltd."
600261.SS,000001.SS,Zhejiang Yankon Group Co Ltd
603995.SS,000001.SS,"Zhejiang Yongjin Metal Technology Co., Ltd"
603388.SS,000001.SS,"Zhejiang Yuancheng Landscape Group Co., Ltd."
600023.SS,000001.SS,"Zhejiang Zheneng Electric Power Co., Ltd."
603767.SS,000001.SS,"ZHEJIANG ZOMAX TRANSMISSION CO.,LTD."
603129.SS,000001.SS,"ZHEJIANGCFMOTOPOWERCO.,LTD."
603301.SS,000001.SS,"Zhende Medical Co., Ltd."
603843.SS,000001.SS,"Zhengping Road & Bridge Construction Co., Ltd."
600121.SS,000001.SS,Zhengzhou Coal Industry & Electric Power Co Ltd
601717.SS,000001.SS,Zhengzhou Coal Mining Machinery Group Co Ltd
600066.SS,000001.SS,Zhengzhou Yutong Bus Co Ltd
603637.SS,000001.SS,"Zhenhai Petrochemical Engineering CO., LTD"
601878.SS,000001.SS,"ZHESHANG SECURITIES CO., LTD."
600242.SS,000001.SS,Zhongchang Big Data Corporation Limited
600489.SS,000001.SS,Zhongjin Gold Co Ltd
600818.SS,000001.SS,"Zhonglu Co., Ltd"
900915.SS,000001.SS,"Zhonglu Co., Ltd"
603619.SS,000001.SS,"ZhongMan Petroleum And Natural Gas Group Corp., Ltd."
600163.SS,000001.SS,"ZHONGMIN ENERGY CO., LTD."
600313.SS,000001.SS,"Zhongnongfa Seed Industry Group Co., Ltd."
603559.SS,000001.SS,"ZhongTongGuoMai Communication Co.,Ltd."
600645.SS,000001.SS,"ZHONGYUAN UNION CELL & GENE ENGINEERING CORP., LTD"
600217.SS,000001.SS,"Zhongzai Resource and Environment Co.,ltd."
600568.SS,000001.SS,"ZhongZhu Healthcare Holding Co., Ltd"
601636.SS,000001.SS,Zhuzhou Kibing Group Co Ltd
600479.SS,000001.SS,Zhuzhou Qianjin Pharmaceutical Co Ltd
600961.SS,000001.SS,"Zhuzhou Smelter Group Co.,Ltd."
600458.SS,000001.SS,Zhuzhou Times New Materials Technology Co Ltd
601899.SS,000001.SS,Zijin Mining Group Co Ltd
603709.SS,000001.SS,"ZOY HOME FURNISHING CO.,LTD."
